timestamp,name,free_spaces,max_spaces,occupied_spaces
04112023-1000,Selters Tor,130,158,28
09112023-1846,Selters Tor,119,158,39
12112023-1730,Selters Tor,143,158,15
08112023-1415,Selters Tor,59,158,99
07112023-1431,Selters Tor,45,158,113
11112023-0930,Selters Tor,141,158,17
18112023-1120,Selters Tor,93,158,65
02112023-1019,Selters Tor,5,158,153
05112023-1501,Selters Tor,107,158,51
01112023-2040,Selters Tor,148,158,10
12112023-1140,Selters Tor,146,158,12
26102023-1134,Selters Tor,37,158,121
29102023-2050,Selters Tor,148,158,10
17112023-2030,Selters Tor,142,158,16
19112023-1721,Selters Tor,127,158,31
30102023-2044,Selters Tor,144,158,14
08112023-1725,Selters Tor,93,158,65
16112023-0941,Selters Tor,44,158,114
20112023-1321,Selters Tor,29,158,129
05112023-1121,Selters Tor,109,158,49
17112023-1225,Selters Tor,44,158,114
11112023-1425,Selters Tor,93,158,65
28102023-1335,Selters Tor,98,158,60
19112023-0951,Selters Tor,149,158,9
11112023-1955,Selters Tor,141,158,17
12112023-2040,Selters Tor,148,158,10
15112023-1619,Selters Tor,65,158,93
11112023-1935,Selters Tor,142,158,16
31102023-1944,Selters Tor,145,158,13
25102023-1609,Selters Tor,73,158,85
18112023-1226,Selters Tor,86,158,72
19112023-1756,Selters Tor,127,158,31
05112023-1436,Selters Tor,112,158,46
26102023-1020,Selters Tor,60,158,98
27102023-1800,Selters Tor,116,158,42
04112023-1835,Selters Tor,136,158,22
15112023-2040,Selters Tor,147,158,11
17112023-1529,Selters Tor,71,158,87
04112023-1145,Selters Tor,103,158,55
31102023-1216,Selters Tor,39,158,119
01112023-0951,Selters Tor,23,158,135
14112023-1821,Selters Tor,96,158,62
10112023-1315,Selters Tor,60,158,98
07112023-1550,Selters Tor,43,158,115
16112023-1220,Selters Tor,41,158,117
27102023-1139,Selters Tor,71,158,87
13112023-1140,Selters Tor,15,158,143
04112023-2050,Selters Tor,143,158,15
01112023-1059,Selters Tor,1,158,157
20112023-0935,Selters Tor,29,158,129
14112023-1559,Selters Tor,27,158,131
19112023-0920,Selters Tor,152,158,6
26102023-1901,Selters Tor,128,158,30
12112023-1946,Selters Tor,147,158,11
04112023-1920,Selters Tor,138,158,20
08112023-1139,Selters Tor,22,158,136
29102023-1231,Selters Tor,145,158,13
27102023-1900,Selters Tor,124,158,34
20112023-1441,Selters Tor,11,158,147
02112023-1105,Selters Tor,6,158,152
25102023-1841,Selters Tor,122,158,36
30102023-1120,Selters Tor,31,158,127
18112023-0904,Selters Tor,143,158,15
28102023-2026,Selters Tor,141,158,17
31102023-2025,Selters Tor,147,158,11
18112023-1450,Selters Tor,67,158,91
26102023-1230,Selters Tor,47,158,111
29102023-1751,Selters Tor,144,158,14
08112023-1550,Selters Tor,85,158,73
26102023-1946,Selters Tor,142,158,16
28102023-1125,Selters Tor,102,158,56
12112023-1600,Selters Tor,134,158,24
31102023-1644,Selters Tor,55,158,103
28102023-0936,Selters Tor,135,158,23
30102023-1955,Selters Tor,142,158,16
02112023-1139,Selters Tor,16,158,142
01112023-1625,Selters Tor,71,158,87
03112023-1420,Selters Tor,69,158,89
05112023-1639,Selters Tor,133,158,25
14112023-1201,Selters Tor,4,158,154
30102023-1650,Selters Tor,76,158,82
07112023-2035,Selters Tor,146,158,12
01112023-1241,Selters Tor,20,158,138
26102023-1640,Selters Tor,72,158,86
27102023-1540,Selters Tor,96,158,62
18112023-1436,Selters Tor,67,158,91
19112023-1550,Selters Tor,140,158,18
27102023-1821,Selters Tor,118,158,40
10112023-1146,Selters Tor,42,158,116
15112023-1221,Selters Tor,38,158,120
13112023-1136,Selters Tor,13,158,145
27102023-0921,Selters Tor,108,158,50
05112023-1609,Selters Tor,120,158,38
16112023-2020,Selters Tor,132,158,26
16112023-1436,Selters Tor,27,158,131
08112023-1944,Selters Tor,134,158,24
31102023-1030,Selters Tor,38,158,120
26102023-1530,Selters Tor,71,158,87
19112023-1225,Selters Tor,145,158,13
20112023-2040,Selters Tor,144,158,14
04112023-1930,Selters Tor,137,158,21
28102023-1315,Selters Tor,97,158,61
11112023-1436,Selters Tor,98,158,60
13112023-1005,Selters Tor,16,158,142
12112023-1239,Selters Tor,148,158,10
02112023-1135,Selters Tor,15,158,143
28102023-1845,Selters Tor,129,158,29
02112023-1806,Selters Tor,104,158,54
14112023-1425,Selters Tor,19,158,139
27102023-2041,Selters Tor,127,158,31
03112023-1815,Selters Tor,123,158,35
30102023-1350,Selters Tor,44,158,114
29102023-1051,Selters Tor,147,158,11
10112023-2055,Selters Tor,124,158,34
19112023-1825,Selters Tor,129,158,29
08112023-2044,Selters Tor,145,158,13
10112023-0930,Selters Tor,65,158,93
25102023-2040,Selters Tor,142,158,16
05112023-1940,Selters Tor,148,158,10
19112023-1520,Selters Tor,147,158,11
27102023-0936,Selters Tor,104,158,54
31102023-1914,Selters Tor,132,158,26
31102023-1230,Selters Tor,50,158,108
17112023-2101,Selters Tor,142,158,16
31102023-1221,Selters Tor,45,158,113
08112023-1044,Selters Tor,22,158,136
06112023-1135,Selters Tor,34,158,124
30102023-1644,Selters Tor,75,158,83
11112023-0906,Selters Tor,143,158,15
20112023-1900,Selters Tor,124,158,34
18112023-1031,Selters Tor,112,158,46
29102023-2036,Selters Tor,148,158,10
04112023-1440,Selters Tor,92,158,66
10112023-1740,Selters Tor,114,158,44
19112023-1546,Selters Tor,141,158,17
10112023-0949,Selters Tor,52,158,106
04112023-1839,Selters Tor,136,158,22
02112023-1231,Selters Tor,8,158,150
03112023-1441,Selters Tor,77,158,81
29102023-1721,Selters Tor,139,158,19
30102023-1050,Selters Tor,24,158,134
15112023-1041,Selters Tor,13,158,145
16112023-1145,Selters Tor,23,158,135
30102023-0919,Selters Tor,59,158,99
12112023-1711,Selters Tor,139,158,19
15112023-0946,Selters Tor,37,158,121
19112023-0935,Selters Tor,152,158,6
15112023-1155,Selters Tor,22,158,136
02112023-1430,Selters Tor,24,158,134
17112023-1734,Selters Tor,113,158,45
16112023-2050,Selters Tor,134,158,24
08112023-1120,Selters Tor,20,158,138
18112023-1621,Selters Tor,74,158,84
12112023-0901,Selters Tor,149,158,9
26102023-1635,Selters Tor,73,158,85
02112023-1334,Selters Tor,22,158,136
13112023-1250,Selters Tor,22,158,136
20112023-2050,Selters Tor,145,158,13
29102023-1650,Selters Tor,136,158,22
28102023-1735,Selters Tor,104,158,54
14112023-1131,Selters Tor,8,158,150
28102023-2051,Selters Tor,140,158,18
05112023-1820,Selters Tor,141,158,17
28102023-1801,Selters Tor,112,158,46
30102023-1426,Selters Tor,57,158,101
19112023-1435,Selters Tor,147,158,11
13112023-1051,Selters Tor,3,158,155
07112023-1521,Selters Tor,44,158,114
09112023-1645,Selters Tor,56,158,102
25102023-1545,Selters Tor,70,158,88
17112023-1446,Selters Tor,68,158,90
03112023-0945,Selters Tor,44,158,114
13112023-1921,Selters Tor,134,158,24
19112023-1250,Selters Tor,145,158,13
05112023-2011,Selters Tor,148,158,10
30102023-1734,Selters Tor,92,158,66
15112023-1204,Selters Tor,26,158,132
08112023-1541,Selters Tor,87,158,71
29102023-1451,Selters Tor,146,158,12
16112023-1930,Selters Tor,132,158,26
28102023-1339,Selters Tor,95,158,63
28102023-1935,Selters Tor,138,158,20
16112023-2009,Selters Tor,131,158,27
10112023-1231,Selters Tor,46,158,112
12112023-1900,Selters Tor,147,158,11
16112023-1614,Selters Tor,57,158,101
08112023-1235,Selters Tor,39,158,119
28102023-1746,Selters Tor,108,158,50
08112023-1225,Selters Tor,39,158,119
14112023-1931,Selters Tor,128,158,30
14112023-1220,Selters Tor,17,158,141
07112023-1825,Selters Tor,116,158,42
24102023-2050,Selters Tor,153,158,5
25102023-1555,Selters Tor,70,158,88
18112023-1839,Selters Tor,130,158,28
10112023-1730,Selters Tor,113,158,45
06112023-1015,Selters Tor,42,158,116
26102023-1925,Selters Tor,139,158,19
27102023-1625,Selters Tor,108,158,50
14112023-1120,Selters Tor,9,158,149
06112023-1844,Selters Tor,125,158,33
11112023-1625,Selters Tor,97,158,61
05112023-1835,Selters Tor,140,158,18
17112023-1430,Selters Tor,67,158,91
10112023-1210,Selters Tor,45,158,113
15112023-1845,Selters Tor,130,158,28
08112023-1000,Selters Tor,26,158,132
26102023-1139,Selters Tor,39,158,119
25102023-1720,Selters Tor,92,158,66
19112023-1044,Selters Tor,147,158,11
31102023-1840,Selters Tor,119,158,39
12112023-1439,Selters Tor,143,158,15
18112023-1605,Selters Tor,71,158,87
30102023-1021,Selters Tor,36,158,122
15112023-1210,Selters Tor,31,158,127
05112023-2025,Selters Tor,149,158,9
25102023-2005,Selters Tor,139,158,19
04112023-0905,Selters Tor,145,158,13
02112023-1151,Selters Tor,15,158,143
27102023-1720,Selters Tor,117,158,41
15112023-1545,Selters Tor,58,158,100
25102023-1950,Selters Tor,136,158,22
06112023-1055,Selters Tor,38,158,120
09112023-2030,Selters Tor,140,158,18
09112023-1126,Selters Tor,21,158,137
03112023-1014,Selters Tor,31,158,127
25102023-1620,Selters Tor,74,158,84
08112023-1820,Selters Tor,104,158,54
29102023-1500,Selters Tor,145,158,13
09112023-1651,Selters Tor,60,158,98
31102023-1150,Selters Tor,35,158,123
26102023-1935,Selters Tor,142,158,16
27102023-1435,Selters Tor,96,158,62
11112023-1429,Selters Tor,93,158,65
20112023-1545,Selters Tor,34,158,124
04112023-1311,Selters Tor,88,158,70
11112023-1451,Selters Tor,95,158,63
14112023-1515,Selters Tor,19,158,139
16112023-1650,Selters Tor,72,158,86
29102023-1845,Selters Tor,145,158,13
12112023-1720,Selters Tor,139,158,19
31102023-1740,Selters Tor,86,158,72
26102023-1249,Selters Tor,40,158,118
08112023-1544,Selters Tor,86,158,72
29102023-1241,Selters Tor,144,158,14
31102023-0906,Selters Tor,52,158,106
17112023-1421,Selters Tor,68,158,90
16112023-1000,Selters Tor,33,158,125
20112023-1501,Selters Tor,17,158,141
30102023-1105,Selters Tor,29,158,129
06112023-1445,Selters Tor,33,158,125
09112023-2034,Selters Tor,140,158,18
25102023-1550,Selters Tor,71,158,87
19112023-1315,Selters Tor,144,158,14
11112023-1020,Selters Tor,133,158,25
18112023-1415,Selters Tor,69,158,89
14112023-1249,Selters Tor,23,158,135
02112023-0920,Selters Tor,52,158,106
29102023-2020,Selters Tor,148,158,10
10112023-1950,Selters Tor,125,158,33
11112023-1901,Selters Tor,142,158,16
10112023-1150,Selters Tor,44,158,114
20112023-1355,Selters Tor,18,158,140
01112023-1049,Selters Tor,4,158,154
15112023-0951,Selters Tor,36,158,122
01112023-0920,Selters Tor,38,158,120
15112023-2049,Selters Tor,148,158,10
11112023-2046,Selters Tor,139,158,19
04112023-1820,Selters Tor,131,158,27
13112023-1734,Selters Tor,90,158,68
02112023-1250,Selters Tor,10,158,148
06112023-1030,Selters Tor,42,158,116
25102023-1931,Selters Tor,136,158,22
20112023-1045,Selters Tor,13,158,145
31102023-2100,Selters Tor,147,158,11
16112023-1940,Selters Tor,133,158,25
06112023-1945,Selters Tor,137,158,21
17112023-1849,Selters Tor,136,158,22
03112023-1424,Selters Tor,72,158,86
03112023-1124,Selters Tor,25,158,133
16112023-2000,Selters Tor,131,158,27
30102023-1336,Selters Tor,47,158,111
26102023-1415,Selters Tor,58,158,100
25102023-1735,Selters Tor,99,158,59
01112023-1045,Selters Tor,6,158,152
31102023-1556,Selters Tor,40,158,118
13112023-1954,Selters Tor,141,158,17
04112023-1530,Selters Tor,80,158,78
28102023-1451,Selters Tor,95,158,63
29102023-0956,Selters Tor,146,158,12
04112023-1131,Selters Tor,112,158,46
29102023-1944,Selters Tor,147,158,11
02112023-1044,Selters Tor,0,0,0
30102023-1519,Selters Tor,63,158,95
29102023-1535,Selters Tor,139,158,19
06112023-1141,Selters Tor,31,158,127
16112023-1920,Selters Tor,132,158,26
04112023-1031,Selters Tor,125,158,33
31102023-1335,Selters Tor,52,158,106
19112023-2040,Selters Tor,148,158,10
31102023-1046,Selters Tor,36,158,122
18112023-1214,Selters Tor,85,158,73
28102023-1626,Selters Tor,86,158,72
20112023-1730,Selters Tor,87,158,71
09112023-1550,Selters Tor,38,158,120
08112023-1641,Selters Tor,78,158,80
27102023-0931,Selters Tor,107,158,51
07112023-1640,Selters Tor,60,158,98
03112023-1036,Selters Tor,36,158,122
08112023-1525,Selters Tor,77,158,81
10112023-1059,Selters Tor,40,158,118
27102023-2025,Selters Tor,126,158,32
26102023-0920,Selters Tor,84,158,74
26102023-1340,Selters Tor,48,158,110
05112023-1815,Selters Tor,140,158,18
12112023-1811,Selters Tor,148,158,10
15112023-1030,Selters Tor,20,158,138
30102023-1040,Selters Tor,30,158,128
16112023-1849,Selters Tor,125,158,33
17112023-0951,Selters Tor,59,158,99
05112023-1200,Selters Tor,88,158,70
14112023-2051,Selters Tor,142,158,16
31102023-2029,Selters Tor,147,158,11
01112023-1535,Selters Tor,54,158,104
11112023-1415,Selters Tor,96,158,62
01112023-2015,Selters Tor,149,158,9
04112023-1850,Selters Tor,137,158,21
26102023-1735,Selters Tor,90,158,68
26102023-1751,Selters Tor,97,158,61
08112023-1751,Selters Tor,97,158,61
06112023-1646,Selters Tor,65,158,93
11112023-1550,Selters Tor,91,158,67
28102023-1920,Selters Tor,134,158,24
05112023-1730,Selters Tor,142,158,16
10112023-2021,Selters Tor,124,158,34
27102023-2015,Selters Tor,125,158,33
19112023-1200,Selters Tor,147,158,11
30102023-1619,Selters Tor,63,158,95
12112023-1545,Selters Tor,135,158,23
12112023-1445,Selters Tor,143,158,15
07112023-1120,Selters Tor,27,158,131
05112023-1235,Selters Tor,82,158,76
20112023-1809,Selters Tor,100,158,58
13112023-1145,Selters Tor,15,158,143
11112023-1916,Selters Tor,143,158,15
26102023-1239,Selters Tor,43,158,115
02112023-1821,Selters Tor,112,158,46
06112023-1850,Selters Tor,124,158,34
17112023-1020,Selters Tor,52,158,106
10112023-1430,Selters Tor,79,158,79
06112023-1025,Selters Tor,43,158,115
25102023-1820,Selters Tor,117,158,41
15112023-1659,Selters Tor,83,158,75
03112023-1149,Selters Tor,28,158,130
06112023-1555,Selters Tor,45,158,113
06112023-1611,Selters Tor,50,158,108
19112023-1915,Selters Tor,129,158,29
26102023-1550,Selters Tor,66,158,92
26102023-1045,Selters Tor,52,158,106
12112023-0926,Selters Tor,149,158,9
04112023-1750,Selters Tor,122,158,36
06112023-1900,Selters Tor,127,158,31
02112023-1601,Selters Tor,48,158,110
04112023-2040,Selters Tor,143,158,15
27102023-1331,Selters Tor,89,158,69
12112023-1955,Selters Tor,147,158,11
25102023-1845,Selters Tor,123,158,35
18112023-1250,Selters Tor,87,158,71
19112023-1940,Selters Tor,138,158,20
29102023-1429,Selters Tor,147,158,11
12112023-0945,Selters Tor,149,158,9
20112023-1224,Selters Tor,21,158,137
04112023-1420,Selters Tor,88,158,70
11112023-1519,Selters Tor,91,158,67
29102023-1510,Selters Tor,144,158,14
04112023-2010,Selters Tor,139,158,19
31102023-1735,Selters Tor,82,158,76
15112023-1520,Selters Tor,48,158,110
08112023-0924,Selters Tor,47,158,111
26102023-1300,Selters Tor,37,158,121
18112023-1150,Selters Tor,87,158,71
11112023-1940,Selters Tor,142,158,16
10112023-2016,Selters Tor,125,158,33
14112023-1215,Selters Tor,15,158,143
01112023-2045,Selters Tor,148,158,10
17112023-1441,Selters Tor,69,158,89
01112023-1351,Selters Tor,35,158,123
13112023-1725,Selters Tor,81,158,77
03112023-2056,Selters Tor,145,158,13
20112023-1005,Selters Tor,23,158,135
12112023-0956,Selters Tor,148,158,10
16112023-1120,Selters Tor,30,158,128
31102023-0936,Selters Tor,42,158,116
14112023-1005,Selters Tor,23,158,135
20112023-2024,Selters Tor,141,158,17
20112023-1935,Selters Tor,132,158,26
08112023-1019,Selters Tor,15,158,143
25102023-1505,Selters Tor,67,158,91
26102023-0931,Selters Tor,80,158,78
27102023-1100,Selters Tor,75,158,83
08112023-2050,Selters Tor,144,158,14
30102023-1135,Selters Tor,28,158,130
30102023-1945,Selters Tor,139,158,19
03112023-1545,Selters Tor,80,158,78
16112023-1050,Selters Tor,32,158,126
05112023-1240,Selters Tor,81,158,77
06112023-2020,Selters Tor,141,158,17
14112023-2005,Selters Tor,136,158,22
10112023-1800,Selters Tor,117,158,41
26102023-2041,Selters Tor,145,158,13
06112023-1045,Selters Tor,38,158,120
31102023-1950,Selters Tor,147,158,11
11112023-1130,Selters Tor,96,158,62
08112023-2015,Selters Tor,139,158,19
20112023-1240,Selters Tor,21,158,137
02112023-1826,Selters Tor,115,158,43
14112023-1816,Selters Tor,95,158,63
11112023-1525,Selters Tor,92,158,66
15112023-1936,Selters Tor,146,158,12
02112023-1435,Selters Tor,26,158,132
09112023-1240,Selters Tor,36,158,122
18112023-1431,Selters Tor,65,158,93
04112023-1235,Selters Tor,93,158,65
06112023-1815,Selters Tor,116,158,42
20112023-1414,Selters Tor,11,158,147
13112023-1540,Selters Tor,38,158,120
05112023-1950,Selters Tor,149,158,9
19112023-2025,Selters Tor,148,158,10
05112023-1650,Selters Tor,135,158,23
01112023-2010,Selters Tor,149,158,9
31102023-1650,Selters Tor,53,158,105
05112023-1105,Selters Tor,116,158,42
20112023-1840,Selters Tor,115,158,43
08112023-1230,Selters Tor,39,158,119
29102023-0906,Selters Tor,146,158,12
11112023-2040,Selters Tor,141,158,17
25102023-2046,Selters Tor,142,158,16
11112023-1820,Selters Tor,133,158,25
03112023-1145,Selters Tor,27,158,131
25102023-1649,Selters Tor,84,158,74
31102023-2040,Selters Tor,148,158,10
16112023-1759,Selters Tor,105,158,53
01112023-1530,Selters Tor,50,158,108
02112023-1616,Selters Tor,52,158,106
18112023-1355,Selters Tor,71,158,87
26102023-1940,Selters Tor,142,158,16
01112023-2050,Selters Tor,148,158,10
05112023-1350,Selters Tor,110,158,48
27102023-1930,Selters Tor,125,158,33
31102023-1535,Selters Tor,45,158,113
12112023-1150,Selters Tor,146,158,12
26102023-1145,Selters Tor,37,158,121
10112023-0945,Selters Tor,57,158,101
30102023-1016,Selters Tor,41,158,117
29102023-1414,Selters Tor,147,158,11
07112023-0900,Selters Tor,62,158,96
15112023-1835,Selters Tor,129,158,29
19112023-1601,Selters Tor,140,158,18
06112023-1145,Selters Tor,31,158,127
17112023-2050,Selters Tor,142,158,16
03112023-1525,Selters Tor,80,158,78
31102023-2035,Selters Tor,147,158,11
15112023-1150,Selters Tor,25,158,133
18112023-0940,Selters Tor,133,158,25
25102023-1641,Selters Tor,82,158,76
06112023-1920,Selters Tor,138,158,20
15112023-1750,Selters Tor,110,158,48
17112023-2046,Selters Tor,143,158,15
31102023-1105,Selters Tor,28,158,130
26102023-1506,Selters Tor,71,158,87
28102023-1830,Selters Tor,128,158,30
14112023-0931,Selters Tor,41,158,117
04112023-1200,Selters Tor,97,158,61
11112023-2036,Selters Tor,140,158,18
16112023-1744,Selters Tor,98,158,60
14112023-1940,Selters Tor,132,158,26
12112023-1655,Selters Tor,136,158,22
17112023-1210,Selters Tor,33,158,125
06112023-1650,Selters Tor,67,158,91
15112023-1130,Selters Tor,20,158,138
14112023-1835,Selters Tor,105,158,53
09112023-1820,Selters Tor,110,158,48
03112023-2101,Selters Tor,145,158,13
09112023-2001,Selters Tor,141,158,17
12112023-1225,Selters Tor,147,158,11
10112023-2100,Selters Tor,125,158,33
16112023-1441,Selters Tor,24,158,134
07112023-1025,Selters Tor,28,158,130
27102023-1200,Selters Tor,68,158,90
31102023-0949,Selters Tor,37,158,121
13112023-1750,Selters Tor,95,158,63
02112023-1425,Selters Tor,22,158,136
11112023-1635,Selters Tor,100,158,58
08112023-1835,Selters Tor,114,158,44
31102023-1131,Selters Tor,24,158,134
02112023-0936,Selters Tor,44,158,114
27102023-1945,Selters Tor,123,158,35
26102023-0936,Selters Tor,76,158,82
17112023-1626,Selters Tor,89,158,69
10112023-1831,Selters Tor,119,158,39
07112023-0930,Selters Tor,50,158,108
07112023-1835,Selters Tor,122,158,36
28102023-1535,Selters Tor,85,158,73
09112023-1431,Selters Tor,31,158,127
18112023-1929,Selters Tor,128,158,30
11112023-1600,Selters Tor,90,158,68
10112023-1750,Selters Tor,116,158,42
05112023-1046,Selters Tor,135,158,23
19112023-1000,Selters Tor,148,158,10
19112023-1214,Selters Tor,147,158,11
07112023-1050,Selters Tor,29,158,129
05112023-0946,Selters Tor,152,158,6
11112023-1846,Selters Tor,140,158,18
01112023-1150,Selters Tor,12,158,146
04112023-1230,Selters Tor,94,158,64
17112023-1815,Selters Tor,130,158,28
03112023-0949,Selters Tor,39,158,119
08112023-1250,Selters Tor,46,158,112
27102023-1129,Selters Tor,72,158,86
29102023-1130,Selters Tor,147,158,11
18112023-1850,Selters Tor,131,158,27
08112023-1100,Selters Tor,19,158,139
09112023-1640,Selters Tor,50,158,108
15112023-1055,Selters Tor,12,158,146
03112023-0909,Selters Tor,65,158,93
13112023-1644,Selters Tor,58,158,100
15112023-1349,Selters Tor,39,158,119
20112023-2019,Selters Tor,141,158,17
31102023-1934,Selters Tor,142,158,16
18112023-1246,Selters Tor,87,158,71
18112023-1636,Selters Tor,86,158,72
16112023-1140,Selters Tor,28,158,130
13112023-0946,Selters Tor,28,158,130
14112023-1440,Selters Tor,19,158,139
01112023-1001,Selters Tor,19,158,139
29102023-1046,Selters Tor,147,158,11
30102023-2026,Selters Tor,145,158,13
05112023-1130,Selters Tor,101,158,57
04112023-1026,Selters Tor,128,158,30
07112023-1030,Selters Tor,29,158,129
31102023-1020,Selters Tor,39,158,119
09112023-1600,Selters Tor,40,158,118
17112023-1105,Selters Tor,34,158,124
30102023-1454,Selters Tor,63,158,95
12112023-1205,Selters Tor,146,158,12
26102023-1850,Selters Tor,122,158,36
30102023-1849,Selters Tor,134,158,24
15112023-1645,Selters Tor,79,158,79
09112023-1050,Selters Tor,31,158,127
11112023-1725,Selters Tor,112,158,46
06112023-1925,Selters Tor,138,158,20
13112023-1340,Selters Tor,23,158,135
04112023-1150,Selters Tor,99,158,59
15112023-1635,Selters Tor,71,158,87
17112023-1616,Selters Tor,87,158,71
04112023-2005,Selters Tor,138,158,20
18112023-1335,Selters Tor,74,158,84
07112023-1645,Selters Tor,60,158,98
02112023-0951,Selters Tor,33,158,125
18112023-0935,Selters Tor,136,158,22
05112023-1615,Selters Tor,126,158,32
15112023-1630,Selters Tor,72,158,86
16112023-1040,Selters Tor,28,158,130
17112023-1535,Selters Tor,71,158,87
17112023-1829,Selters Tor,131,158,27
13112023-1815,Selters Tor,106,158,52
04112023-1216,Selters Tor,95,158,63
13112023-0925,Selters Tor,38,158,120
12112023-1115,Selters Tor,146,158,12
27102023-1036,Selters Tor,80,158,78
15112023-1145,Selters Tor,28,158,130
17112023-0900,Selters Tor,68,158,90
03112023-1159,Selters Tor,29,158,129
02112023-1940,Selters Tor,132,158,26
10112023-1745,Selters Tor,117,158,41
02112023-1731,Selters Tor,90,158,68
01112023-0900,Selters Tor,56,158,102
19112023-0859,Selters Tor,152,158,6
12112023-1941,Selters Tor,147,158,11
30102023-1406,Selters Tor,55,158,103
28102023-1410,Selters Tor,91,158,67
07112023-1235,Selters Tor,33,158,125
12112023-1916,Selters Tor,147,158,11
08112023-1205,Selters Tor,31,158,127
12112023-2045,Selters Tor,149,158,9
03112023-1210,Selters Tor,31,158,127
17112023-1219,Selters Tor,37,158,121
07112023-1630,Selters Tor,57,158,101
11112023-1951,Selters Tor,141,158,17
06112023-1205,Selters Tor,32,158,126
14112023-1314,Selters Tor,29,158,129
18112023-1526,Selters Tor,67,158,91
26102023-1539,Selters Tor,68,158,90
04112023-1735,Selters Tor,114,158,44
13112023-1845,Selters Tor,122,158,36
05112023-1040,Selters Tor,140,158,18
09112023-1840,Selters Tor,117,158,41
01112023-1425,Selters Tor,39,158,119
11112023-1244,Selters Tor,85,158,73
31102023-1141,Selters Tor,27,158,131
03112023-1009,Selters Tor,32,158,126
14112023-1620,Selters Tor,37,158,121
29102023-1939,Selters Tor,147,158,11
19112023-1645,Selters Tor,132,158,26
14112023-1445,Selters Tor,18,158,140
27102023-1921,Selters Tor,124,158,34
19112023-1219,Selters Tor,147,158,11
07112023-2020,Selters Tor,146,158,12
31102023-1805,Selters Tor,102,158,56
20112023-1941,Selters Tor,135,158,23
12112023-1815,Selters Tor,148,158,10
04112023-1450,Selters Tor,88,158,70
08112023-1920,Selters Tor,124,158,34
10112023-0859,Selters Tor,78,158,80
07112023-1930,Selters Tor,139,158,19
01112023-1415,Selters Tor,44,158,114
19112023-1805,Selters Tor,128,158,30
15112023-1945,Selters Tor,144,158,14
14112023-1730,Selters Tor,65,158,93
14112023-1750,Selters Tor,80,158,78
04112023-1520,Selters Tor,82,158,76
13112023-1905,Selters Tor,133,158,25
03112023-1405,Selters Tor,68,158,90
07112023-1009,Selters Tor,30,158,128
04112023-1036,Selters Tor,121,158,37
11112023-2015,Selters Tor,141,158,17
05112023-2020,Selters Tor,148,158,10
27102023-2051,Selters Tor,128,158,30
30102023-1240,Selters Tor,49,158,109
06112023-1306,Selters Tor,43,158,115
31102023-1316,Selters Tor,48,158,110
02112023-1746,Selters Tor,97,158,61
11112023-1619,Selters Tor,96,158,62
28102023-1900,Selters Tor,130,158,28
19112023-1816,Selters Tor,127,158,31
09112023-1635,Selters Tor,52,158,106
12112023-1825,Selters Tor,148,158,10
18112023-1955,Selters Tor,132,158,26
12112023-1630,Selters Tor,136,158,22
30102023-1220,Selters Tor,49,158,109
09112023-1030,Selters Tor,32,158,126
29102023-1836,Selters Tor,145,158,13
16112023-1639,Selters Tor,63,158,95
11112023-1735,Selters Tor,119,158,39
08112023-1515,Selters Tor,78,158,80
28102023-1850,Selters Tor,129,158,29
07112023-1130,Selters Tor,21,158,137
13112023-1016,Selters Tor,14,158,144
12112023-1235,Selters Tor,148,158,10
16112023-1105,Selters Tor,25,158,133
08112023-1531,Selters Tor,82,158,76
16112023-1840,Selters Tor,123,158,35
27102023-0905,Selters Tor,111,158,47
12112023-1134,Selters Tor,146,158,12
17112023-1540,Selters Tor,75,158,83
11112023-2051,Selters Tor,141,158,17
26102023-1724,Selters Tor,82,158,76
12112023-1005,Selters Tor,148,158,10
09112023-1025,Selters Tor,36,158,122
29102023-1540,Selters Tor,139,158,19
18112023-2016,Selters Tor,133,158,25
18112023-1701,Selters Tor,95,158,63
15112023-2015,Selters Tor,146,158,12
29102023-1016,Selters Tor,147,158,11
02112023-0930,Selters Tor,46,158,112
03112023-1550,Selters Tor,79,158,79
01112023-1844,Selters Tor,119,158,39
20112023-1750,Selters Tor,96,158,62
17112023-1230,Selters Tor,48,158,110
26102023-1041,Selters Tor,54,158,104
13112023-1444,Selters Tor,19,158,139
15112023-1445,Selters Tor,45,158,113
09112023-0934,Selters Tor,57,158,101
06112023-1625,Selters Tor,56,158,102
14112023-1040,Selters Tor,15,158,143
27102023-1620,Selters Tor,107,158,51
11112023-1155,Selters Tor,90,158,68
19112023-1701,Selters Tor,129,158,29
29102023-1021,Selters Tor,147,158,11
06112023-1240,Selters Tor,39,158,119
29102023-0935,Selters Tor,146,158,12
07112023-1421,Selters Tor,42,158,116
07112023-0950,Selters Tor,37,158,121
04112023-0925,Selters Tor,141,158,17
26102023-0926,Selters Tor,81,158,77
12112023-1624,Selters Tor,136,158,22
29102023-1850,Selters Tor,145,158,13
26102023-2046,Selters Tor,145,158,13
09112023-1235,Selters Tor,37,158,121
04112023-1935,Selters Tor,136,158,22
14112023-1540,Selters Tor,25,158,133
09112023-1220,Selters Tor,44,158,114
19112023-1944,Selters Tor,142,158,16
18112023-1835,Selters Tor,130,158,28
18112023-1945,Selters Tor,130,158,28
05112023-1146,Selters Tor,88,158,70
01112023-1221,Selters Tor,16,158,142
16112023-2031,Selters Tor,132,158,26
14112023-1840,Selters Tor,111,158,47
01112023-1124,Selters Tor,6,158,152
06112023-1840,Selters Tor,125,158,33
13112023-1450,Selters Tor,21,158,137
10112023-1340,Selters Tor,64,158,94
02112023-1706,Selters Tor,79,158,79
13112023-1835,Selters Tor,122,158,36
03112023-1050,Selters Tor,32,158,126
03112023-1024,Selters Tor,29,158,129
13112023-1840,Selters Tor,122,158,36
15112023-2020,Selters Tor,147,158,11
31102023-1820,Selters Tor,106,158,52
04112023-1535,Selters Tor,79,158,79
31102023-1745,Selters Tor,91,158,67
09112023-1946,Selters Tor,140,158,18
14112023-1720,Selters Tor,64,158,94
15112023-1950,Selters Tor,146,158,12
26102023-1335,Selters Tor,47,158,111
25102023-2100,Selters Tor,143,158,15
31102023-0925,Selters Tor,48,158,110
06112023-2014,Selters Tor,140,158,18
24102023-1950,Selters Tor,150,158,8
18112023-1651,Selters Tor,90,158,68
06112023-1229,Selters Tor,34,158,124
27102023-1031,Selters Tor,82,158,76
01112023-2025,Selters Tor,148,158,10
12112023-1529,Selters Tor,139,158,19
06112023-1930,Selters Tor,137,158,21
20112023-1035,Selters Tor,17,158,141
28102023-1140,Selters Tor,100,158,58
10112023-1516,Selters Tor,84,158,74
16112023-1820,Selters Tor,113,158,45
28102023-1910,Selters Tor,133,158,25
20112023-1020,Selters Tor,16,158,142
01112023-1506,Selters Tor,37,158,121
06112023-0945,Selters Tor,49,158,109
16112023-1206,Selters Tor,35,158,123
10112023-2025,Selters Tor,124,158,34
04112023-1240,Selters Tor,93,158,65
26102023-1319,Selters Tor,43,158,115
19112023-1501,Selters Tor,147,158,11
08112023-2040,Selters Tor,145,158,13
01112023-1439,Selters Tor,45,158,113
29102023-1246,Selters Tor,144,158,14
01112023-1040,Selters Tor,10,158,148
13112023-1434,Selters Tor,16,158,142
13112023-1409,Selters Tor,18,158,140
20112023-1215,Selters Tor,15,158,143
04112023-1630,Selters Tor,90,158,68
02112023-1646,Selters Tor,66,158,92
29102023-1031,Selters Tor,147,158,11
29102023-1434,Selters Tor,147,158,11
17112023-1955,Selters Tor,143,158,15
04112023-1730,Selters Tor,117,158,41
09112023-1320,Selters Tor,39,158,119
08112023-1035,Selters Tor,19,158,139
28102023-2000,Selters Tor,139,158,19
12112023-1550,Selters Tor,135,158,23
13112023-1030,Selters Tor,11,158,147
01112023-2100,Selters Tor,147,158,11
15112023-2011,Selters Tor,146,158,12
30102023-1921,Selters Tor,137,158,21
29102023-1155,Selters Tor,146,158,12
29102023-2101,Selters Tor,148,158,10
15112023-1814,Selters Tor,120,158,38
07112023-1735,Selters Tor,75,158,83
29102023-1216,Selters Tor,146,158,12
28102023-1526,Selters Tor,81,158,77
03112023-1606,Selters Tor,81,158,77
13112023-0941,Selters Tor,30,158,128
11112023-1239,Selters Tor,86,158,72
28102023-0945,Selters Tor,131,158,27
18112023-1535,Selters Tor,62,158,96
01112023-1316,Selters Tor,27,158,131
28102023-1021,Selters Tor,120,158,38
09112023-1445,Selters Tor,32,158,126
27102023-0945,Selters Tor,97,158,61
29102023-1644,Selters Tor,136,158,22
30102023-1035,Selters Tor,32,158,126
18112023-1626,Selters Tor,77,158,81
10112023-1406,Selters Tor,70,158,88
14112023-2030,Selters Tor,141,158,17
01112023-2034,Selters Tor,148,158,10
13112023-1225,Selters Tor,30,158,128
26102023-1126,Selters Tor,37,158,121
19112023-0940,Selters Tor,151,158,7
19112023-1349,Selters Tor,147,158,11
29102023-2001,Selters Tor,148,158,10
15112023-1439,Selters Tor,45,158,113
01112023-1209,Selters Tor,15,158,143
11112023-1730,Selters Tor,117,158,41
13112023-1035,Selters Tor,12,158,146
10112023-1135,Selters Tor,35,158,123
28102023-0901,Selters Tor,138,158,20
02112023-1611,Selters Tor,55,158,103
31102023-1006,Selters Tor,39,158,119
17112023-0919,Selters Tor,69,158,89
03112023-2036,Selters Tor,145,158,13
29102023-1735,Selters Tor,142,158,16
04112023-0946,Selters Tor,138,158,20
29102023-1330,Selters Tor,145,158,13
10112023-1941,Selters Tor,123,158,35
14112023-1535,Selters Tor,24,158,134
03112023-2031,Selters Tor,146,158,12
05112023-1740,Selters Tor,142,158,16
05112023-1516,Selters Tor,108,158,50
03112023-1635,Selters Tor,89,158,69
18112023-2024,Selters Tor,133,158,25
08112023-1135,Selters Tor,21,158,137
04112023-1659,Selters Tor,103,158,55
19112023-1240,Selters Tor,145,158,13
10112023-0915,Selters Tor,68,158,90
13112023-2015,Selters Tor,142,158,16
02112023-1030,Selters Tor,4,158,154
19112023-1210,Selters Tor,147,158,11
30102023-1045,Selters Tor,26,158,132
20112023-1631,Selters Tor,44,158,114
17112023-1526,Selters Tor,69,158,89
07112023-1436,Selters Tor,43,158,115
07112023-1450,Selters Tor,44,158,114
02112023-1650,Selters Tor,68,158,90
11112023-1259,Selters Tor,81,158,77
20112023-2030,Selters Tor,143,158,15
26102023-2030,Selters Tor,143,158,15
11112023-1651,Selters Tor,99,158,59
01112023-1201,Selters Tor,15,158,143
20112023-1445,Selters Tor,13,158,145
13112023-1550,Selters Tor,44,158,114
27102023-1935,Selters Tor,125,158,33
07112023-1240,Selters Tor,33,158,125
24102023-2056,Selters Tor,153,158,5
09112023-2059,Selters Tor,140,158,18
06112023-1800,Selters Tor,105,158,53
07112023-1745,Selters Tor,88,158,70
12112023-0921,Selters Tor,149,158,9
19112023-1530,Selters Tor,144,158,14
18112023-1739,Selters Tor,108,158,50
14112023-1530,Selters Tor,23,158,135
16112023-0950,Selters Tor,38,158,120
19112023-1725,Selters Tor,127,158,31
01112023-1735,Selters Tor,94,158,64
17112023-1025,Selters Tor,53,158,105
07112023-1020,Selters Tor,26,158,132
28102023-1825,Selters Tor,127,158,31
15112023-1020,Selters Tor,21,158,137
28102023-1610,Selters Tor,86,158,72
17112023-1845,Selters Tor,134,158,24
27102023-0915,Selters Tor,108,158,50
14112023-1745,Selters Tor,75,158,83
14112023-1625,Selters Tor,39,158,119
15112023-1745,Selters Tor,109,158,49
08112023-0949,Selters Tor,33,158,125
08112023-2034,Selters Tor,145,158,13
17112023-0941,Selters Tor,65,158,93
18112023-2004,Selters Tor,133,158,25
30102023-1509,Selters Tor,64,158,94
30102023-1250,Selters Tor,51,158,107
07112023-1045,Selters Tor,28,158,130
11112023-1530,Selters Tor,92,158,66
30102023-1415,Selters Tor,54,158,104
01112023-1020,Selters Tor,16,158,142
02112023-1755,Selters Tor,100,158,58
13112023-1506,Selters Tor,24,158,134
25102023-1739,Selters Tor,98,158,60
07112023-1000,Selters Tor,36,158,122
02112023-1041,Selters Tor,0,0,0
06112023-0920,Selters Tor,57,158,101
14112023-1145,Selters Tor,8,158,150
02112023-1420,Selters Tor,22,158,136
31102023-1049,Selters Tor,35,158,123
13112023-1355,Selters Tor,22,158,136
19112023-1451,Selters Tor,147,158,11
06112023-1949,Selters Tor,137,158,21
01112023-1134,Selters Tor,10,158,148
18112023-1755,Selters Tor,114,158,44
10112023-1645,Selters Tor,103,158,55
17112023-1800,Selters Tor,122,158,36
30102023-1535,Selters Tor,65,158,93
02112023-1950,Selters Tor,134,158,24
30102023-1930,Selters Tor,137,158,21
17112023-1119,Selters Tor,34,158,124
09112023-0925,Selters Tor,66,158,92
02112023-1235,Selters Tor,5,158,153
18112023-0930,Selters Tor,137,158,21
01112023-1244,Selters Tor,18,158,140
28102023-1945,Selters Tor,138,158,20
03112023-1530,Selters Tor,81,158,77
27102023-1715,Selters Tor,117,158,41
26102023-1840,Selters Tor,118,158,40
07112023-0915,Selters Tor,58,158,100
27102023-1450,Selters Tor,93,158,65
30102023-1231,Selters Tor,52,158,106
26102023-1605,Selters Tor,68,158,90
13112023-1820,Selters Tor,114,158,44
03112023-1350,Selters Tor,60,158,98
30102023-1004,Selters Tor,39,158,119
31102023-1939,Selters Tor,145,158,13
06112023-1125,Selters Tor,34,158,124
14112023-0941,Selters Tor,39,158,119
09112023-2025,Selters Tor,140,158,18
29102023-1520,Selters Tor,141,158,17
10112023-1815,Selters Tor,116,158,42
15112023-1719,Selters Tor,91,158,67
07112023-2005,Selters Tor,147,158,11
13112023-1439,Selters Tor,17,158,141
02112023-1049,Selters Tor,0,0,0
14112023-1055,Selters Tor,13,158,145
15112023-1530,Selters Tor,47,158,111
17112023-2015,Selters Tor,142,158,16
28102023-1500,Selters Tor,91,158,67
02112023-1925,Selters Tor,129,158,29
02112023-1216,Selters Tor,12,158,146
12112023-1016,Selters Tor,149,158,9
31102023-1121,Selters Tor,20,158,138
19112023-1616,Selters Tor,137,158,21
18112023-1345,Selters Tor,72,158,86
18112023-1744,Selters Tor,111,158,47
06112023-1750,Selters Tor,101,158,57
07112023-1725,Selters Tor,66,158,92
11112023-0950,Selters Tor,140,158,18
15112023-1800,Selters Tor,118,158,40
04112023-1950,Selters Tor,136,158,22
30102023-1629,Selters Tor,71,158,87
16112023-2005,Selters Tor,131,158,27
31102023-1614,Selters Tor,46,158,112
09112023-2040,Selters Tor,139,158,19
20112023-1640,Selters Tor,49,158,109
15112023-1740,Selters Tor,107,158,51
27102023-1750,Selters Tor,115,158,43
27102023-1940,Selters Tor,124,158,34
26102023-1121,Selters Tor,39,158,119
26102023-1011,Selters Tor,57,158,101
14112023-1236,Selters Tor,20,158,138
05112023-0930,Selters Tor,152,158,6
18112023-1820,Selters Tor,125,158,33
05112023-1936,Selters Tor,148,158,10
25102023-1725,Selters Tor,94,158,64
29102023-0946,Selters Tor,146,158,12
06112023-0859,Selters Tor,62,158,96
05112023-1011,Selters Tor,147,158,11
04112023-2101,Selters Tor,142,158,16
26102023-1344,Selters Tor,50,158,108
01112023-1230,Selters Tor,19,158,139
20112023-1620,Selters Tor,47,158,111
05112023-1136,Selters Tor,96,158,62
30102023-1906,Selters Tor,135,158,23
13112023-1625,Selters Tor,49,158,109
28102023-1050,Selters Tor,115,158,43
19112023-0946,Selters Tor,150,158,8
02112023-1631,Selters Tor,57,158,101
25102023-2051,Selters Tor,143,158,15
05112023-1530,Selters Tor,112,158,46
04112023-1405,Selters Tor,89,158,69
06112023-1250,Selters Tor,41,158,117
02112023-2000,Selters Tor,134,158,24
12112023-1840,Selters Tor,148,158,10
18112023-1935,Selters Tor,128,158,30
12112023-2015,Selters Tor,147,158,11
20112023-0939,Selters Tor,30,158,128
27102023-1634,Selters Tor,107,158,51
13112023-1759,Selters Tor,99,158,59
04112023-1610,Selters Tor,90,158,68
20112023-1245,Selters Tor,25,158,133
10112023-1820,Selters Tor,116,158,42
13112023-1620,Selters Tor,50,158,108
20112023-1836,Selters Tor,111,158,47
02112023-1904,Selters Tor,125,158,33
18112023-0944,Selters Tor,130,158,28
02112023-1535,Selters Tor,31,158,127
19112023-1731,Selters Tor,127,158,31
15112023-1420,Selters Tor,44,158,114
18112023-1830,Selters Tor,129,158,29
18112023-1919,Selters Tor,130,158,28
30102023-1950,Selters Tor,140,158,18
26102023-1129,Selters Tor,35,158,123
19112023-1035,Selters Tor,147,158,11
11112023-1835,Selters Tor,134,158,24
08112023-1746,Selters Tor,94,158,64
04112023-1210,Selters Tor,98,158,60
02112023-2025,Selters Tor,143,158,15
20112023-1120,Selters Tor,10,158,148
01112023-0934,Selters Tor,32,158,126
14112023-1915,Selters Tor,120,158,38
26102023-1546,Selters Tor,65,158,93
13112023-1825,Selters Tor,115,158,43
01112023-0925,Selters Tor,34,158,124
19112023-0930,Selters Tor,152,158,6
28102023-2029,Selters Tor,141,158,17
09112023-1351,Selters Tor,40,158,118
18112023-1521,Selters Tor,70,158,88
29102023-1730,Selters Tor,143,158,15
18112023-1420,Selters Tor,66,158,92
25102023-1855,Selters Tor,127,158,31
31102023-1530,Selters Tor,43,158,115
25102023-1914,Selters Tor,130,158,28
20112023-1340,Selters Tor,27,158,131
29102023-1035,Selters Tor,147,158,11
01112023-1340,Selters Tor,31,158,127
20112023-2010,Selters Tor,138,158,20
31102023-1610,Selters Tor,46,158,112
19112023-1845,Selters Tor,129,158,29
07112023-1536,Selters Tor,38,158,120
26102023-1644,Selters Tor,72,158,86
05112023-1426,Selters Tor,114,158,44
13112023-1524,Selters Tor,24,158,134
17112023-1944,Selters Tor,143,158,15
29102023-1640,Selters Tor,135,158,23
28102023-1434,Selters Tor,91,158,67
07112023-1935,Selters Tor,140,158,18
26102023-1720,Selters Tor,83,158,75
09112023-1040,Selters Tor,30,158,128
30102023-2010,Selters Tor,143,158,15
10112023-1630,Selters Tor,104,158,54
15112023-1840,Selters Tor,131,158,27
14112023-1450,Selters Tor,18,158,140
12112023-2009,Selters Tor,147,158,11
06112023-1245,Selters Tor,40,158,118
04112023-1925,Selters Tor,138,158,20
01112023-1814,Selters Tor,107,158,51
31102023-1525,Selters Tor,43,158,115
10112023-0935,Selters Tor,64,158,94
17112023-1834,Selters Tor,132,158,26
10112023-1911,Selters Tor,128,158,30
04112023-1644,Selters Tor,99,158,59
15112023-1550,Selters Tor,60,158,98
19112023-1120,Selters Tor,147,158,11
16112023-1735,Selters Tor,90,158,68
30102023-1150,Selters Tor,32,158,126
02112023-1751,Selters Tor,98,158,60
03112023-1240,Selters Tor,42,158,116
11112023-0945,Selters Tor,140,158,18
27102023-1521,Selters Tor,102,158,56
05112023-0950,Selters Tor,150,158,8
09112023-1751,Selters Tor,95,158,63
08112023-1151,Selters Tor,21,158,137
29102023-1759,Selters Tor,144,158,14
16112023-1740,Selters Tor,95,158,63
19112023-1040,Selters Tor,147,158,11
07112023-1830,Selters Tor,121,158,37
06112023-1020,Selters Tor,43,158,115
17112023-1739,Selters Tor,115,158,43
14112023-1634,Selters Tor,38,158,120
03112023-1831,Selters Tor,121,158,37
17112023-1546,Selters Tor,74,158,84
01112023-1749,Selters Tor,95,158,63
07112023-1205,Selters Tor,25,158,133
10112023-2051,Selters Tor,124,158,34
26102023-1820,Selters Tor,111,158,47
27102023-1516,Selters Tor,99,158,59
03112023-1840,Selters Tor,122,158,36
29102023-1745,Selters Tor,143,158,15
17112023-1724,Selters Tor,113,158,45
16112023-1629,Selters Tor,61,158,97
29102023-1635,Selters Tor,135,158,23
11112023-0940,Selters Tor,140,158,18
30102023-1749,Selters Tor,100,158,58
03112023-1900,Selters Tor,128,158,30
18112023-1125,Selters Tor,89,158,69
05112023-1230,Selters Tor,81,158,77
13112023-1851,Selters Tor,126,158,32
11112023-1235,Selters Tor,86,158,72
01112023-1850,Selters Tor,119,158,39
10112023-1224,Selters Tor,47,158,111
02112023-1846,Selters Tor,123,158,35
13112023-2026,Selters Tor,141,158,17
05112023-1844,Selters Tor,140,158,18
31102023-1415,Selters Tor,40,158,118
17112023-1341,Selters Tor,65,158,93
19112023-1930,Selters Tor,131,158,27
02112023-1841,Selters Tor,122,158,36
17112023-1925,Selters Tor,143,158,15
16112023-1450,Selters Tor,23,158,135
20112023-1015,Selters Tor,18,158,140
12112023-1040,Selters Tor,146,158,12
04112023-1105,Selters Tor,114,158,44
10112023-1045,Selters Tor,35,158,123
20112023-1740,Selters Tor,91,158,67
12112023-1510,Selters Tor,142,158,16
12112023-2035,Selters Tor,148,158,10
01112023-1820,Selters Tor,108,158,50
11112023-2006,Selters Tor,141,158,17
27102023-1950,Selters Tor,124,158,34
17112023-1055,Selters Tor,44,158,114
07112023-0935,Selters Tor,45,158,113
17112023-0945,Selters Tor,63,158,95
16112023-1935,Selters Tor,132,158,26
14112023-1340,Selters Tor,28,158,130
03112023-1115,Selters Tor,29,158,129
03112023-1215,Selters Tor,33,158,125
09112023-1525,Selters Tor,38,158,120
10112023-1009,Selters Tor,47,158,111
18112023-1631,Selters Tor,81,158,77
06112023-1041,Selters Tor,37,158,121
18112023-1736,Selters Tor,108,158,50
02112023-1851,Selters Tor,124,158,34
09112023-1145,Selters Tor,31,158,127
26102023-2051,Selters Tor,145,158,13
12112023-1740,Selters Tor,149,158,9
01112023-1840,Selters Tor,118,158,40
05112023-1544,Selters Tor,122,158,36
31102023-1959,Selters Tor,148,158,10
28102023-1941,Selters Tor,138,158,20
25102023-1535,Selters Tor,68,158,90
12112023-1931,Selters Tor,147,158,11
10112023-1545,Selters Tor,91,158,67
15112023-1940,Selters Tor,144,158,14
07112023-1035,Selters Tor,28,158,130
20112023-1536,Selters Tor,33,158,125
04112023-1715,Selters Tor,109,158,49
11112023-1250,Selters Tor,81,158,77
07112023-1944,Selters Tor,142,158,16
11112023-1025,Selters Tor,129,158,29
08112023-0859,Selters Tor,56,158,102
26102023-1630,Selters Tor,71,158,87
07112023-1810,Selters Tor,105,158,53
19112023-1630,Selters Tor,133,158,25
18112023-1551,Selters Tor,65,158,93
26102023-0945,Selters Tor,71,158,87
19112023-1030,Selters Tor,147,158,11
28102023-0940,Selters Tor,134,158,24
29102023-1221,Selters Tor,145,158,13
15112023-1001,Selters Tor,33,158,125
14112023-0906,Selters Tor,52,158,106
05112023-1535,Selters Tor,112,158,46
01112023-1140,Selters Tor,9,158,149
27102023-1916,Selters Tor,125,158,33
29102023-1210,Selters Tor,146,158,12
25102023-1851,Selters Tor,125,158,33
18112023-1140,Selters Tor,87,158,71
02112023-1516,Selters Tor,28,158,130
30102023-0924,Selters Tor,55,158,103
07112023-2010,Selters Tor,146,158,12
03112023-2045,Selters Tor,145,158,13
12112023-1129,Selters Tor,146,158,12
09112023-1435,Selters Tor,32,158,126
05112023-1921,Selters Tor,146,158,12
11112023-1850,Selters Tor,141,158,17
10112023-1200,Selters Tor,40,158,118
26102023-1314,Selters Tor,39,158,119
28102023-1544,Selters Tor,84,158,74
07112023-1230,Selters Tor,32,158,126
24102023-2101,Selters Tor,153,158,5
27102023-1244,Selters Tor,81,158,77
02112023-2020,Selters Tor,141,158,17
02112023-2040,Selters Tor,142,158,16
11112023-1610,Selters Tor,93,158,65
09112023-1729,Selters Tor,76,158,82
05112023-1525,Selters Tor,112,158,46
13112023-1105,Selters Tor,5,158,153
07112023-2049,Selters Tor,146,158,12
15112023-0925,Selters Tor,42,158,116
27102023-1234,Selters Tor,81,158,77
01112023-1924,Selters Tor,142,158,16
15112023-1914,Selters Tor,143,158,15
12112023-2005,Selters Tor,147,158,11
04112023-1331,Selters Tor,89,158,69
18112023-1014,Selters Tor,120,158,38
07112023-0925,Selters Tor,51,158,107
10112023-1826,Selters Tor,117,158,41
03112023-1245,Selters Tor,44,158,114
14112023-1500,Selters Tor,14,158,144
29102023-1550,Selters Tor,139,158,19
31102023-1456,Selters Tor,39,158,119
10112023-1416,Selters Tor,72,158,86
18112023-2049,Selters Tor,133,158,25
26102023-1450,Selters Tor,67,158,91
20112023-1249,Selters Tor,25,158,133
13112023-2051,Selters Tor,141,158,17
07112023-1541,Selters Tor,40,158,118
30102023-1210,Selters Tor,47,158,111
04112023-2000,Selters Tor,137,158,21
05112023-1805,Selters Tor,140,158,18
06112023-1000,Selters Tor,46,158,112
05112023-1634,Selters Tor,133,158,25
06112023-1105,Selters Tor,34,158,124
06112023-1130,Selters Tor,37,158,121
27102023-1250,Selters Tor,84,158,74
10112023-1520,Selters Tor,86,158,72
12112023-1845,Selters Tor,149,158,9
12112023-1334,Selters Tor,146,158,12
09112023-1540,Selters Tor,36,158,122
17112023-0929,Selters Tor,66,158,92
20112023-1425,Selters Tor,12,158,146
27102023-1410,Selters Tor,94,158,64
08112023-1441,Selters Tor,64,158,94
13112023-1515,Selters Tor,24,158,134
04112023-1755,Selters Tor,124,158,34
03112023-2015,Selters Tor,146,158,12
18112023-1725,Selters Tor,105,158,53
06112023-1940,Selters Tor,138,158,20
03112023-1740,Selters Tor,110,158,48
08112023-2020,Selters Tor,140,158,18
25102023-2019,Selters Tor,140,158,18
29102023-0915,Selters Tor,146,158,12
12112023-1535,Selters Tor,136,158,22
08112023-1015,Selters Tor,18,158,140
05112023-1141,Selters Tor,91,158,67
27102023-2045,Selters Tor,127,158,31
10112023-1124,Selters Tor,37,158,121
20112023-0945,Selters Tor,27,158,131
31102023-1844,Selters Tor,122,158,36
05112023-2045,Selters Tor,150,158,8
02112023-1126,Selters Tor,8,158,150
31102023-1405,Selters Tor,39,158,119
02112023-2014,Selters Tor,141,158,17
31102023-1025,Selters Tor,41,158,117
20112023-1825,Selters Tor,106,158,52
26102023-1116,Selters Tor,46,158,112
07112023-1040,Selters Tor,29,158,129
13112023-1315,Selters Tor,23,158,135
04112023-1009,Selters Tor,127,158,31
31102023-1425,Selters Tor,37,158,121
14112023-2020,Selters Tor,140,158,18
04112023-1639,Selters Tor,97,158,61
08112023-1446,Selters Tor,59,158,99
15112023-1534,Selters Tor,53,158,105
14112023-1435,Selters Tor,22,158,136
25102023-1705,Selters Tor,89,158,69
28102023-0920,Selters Tor,136,158,22
31102023-1850,Selters Tor,124,158,34
02112023-0910,Selters Tor,55,158,103
28102023-1310,Selters Tor,96,158,62
20112023-0950,Selters Tor,25,158,133
15112023-1925,Selters Tor,146,158,12
19112023-1125,Selters Tor,147,158,11
12112023-1615,Selters Tor,134,158,24
16112023-1431,Selters Tor,28,158,130
03112023-1640,Selters Tor,90,158,68
11112023-1536,Selters Tor,92,158,66
01112023-1746,Selters Tor,95,158,63
31102023-1720,Selters Tor,70,158,88
14112023-1855,Selters Tor,112,158,46
14112023-2046,Selters Tor,142,158,16
27102023-1550,Selters Tor,96,158,62
15112023-1046,Selters Tor,11,158,147
06112023-1225,Selters Tor,33,158,125
11112023-1119,Selters Tor,103,158,55
09112023-1621,Selters Tor,45,158,113
31102023-0940,Selters Tor,41,158,117
15112023-2025,Selters Tor,147,158,11
28102023-1320,Selters Tor,95,158,63
11112023-0934,Selters Tor,140,158,18
29102023-1614,Selters Tor,136,158,22
30102023-1310,Selters Tor,54,158,104
10112023-1241,Selters Tor,51,158,107
06112023-1824,Selters Tor,120,158,38
02112023-0925,Selters Tor,47,158,111
10112023-1255,Selters Tor,56,158,102
17112023-1521,Selters Tor,72,158,86
29102023-1116,Selters Tor,146,158,12
27102023-1320,Selters Tor,89,158,69
20112023-1945,Selters Tor,135,158,23
29102023-1930,Selters Tor,147,158,11
14112023-1226,Selters Tor,20,158,138
16112023-1529,Selters Tor,31,158,127
10112023-1840,Selters Tor,118,158,40
14112023-1651,Selters Tor,43,158,115
20112023-1201,Selters Tor,9,158,149
30102023-0940,Selters Tor,53,158,105
10112023-1956,Selters Tor,126,158,32
27102023-1349,Selters Tor,93,158,65
04112023-2035,Selters Tor,142,158,16
28102023-1350,Selters Tor,95,158,63
12112023-1640,Selters Tor,136,158,22
04112023-1545,Selters Tor,82,158,76
09112023-1829,Selters Tor,115,158,43
16112023-1544,Selters Tor,39,158,119
02112023-1551,Selters Tor,35,158,123
14112023-1045,Selters Tor,15,158,143
20112023-1220,Selters Tor,17,158,141
02112023-2030,Selters Tor,143,158,15
20112023-1050,Selters Tor,14,158,144
28102023-1239,Selters Tor,99,158,59
29102023-2026,Selters Tor,148,158,10
28102023-1710,Selters Tor,93,158,65
29102023-1424,Selters Tor,147,158,11
15112023-2101,Selters Tor,148,158,10
31102023-1520,Selters Tor,44,158,114
29102023-1525,Selters Tor,140,158,18
14112023-1150,Selters Tor,4,158,154
18112023-1455,Selters Tor,64,158,94
14112023-1950,Selters Tor,133,158,25
31102023-1829,Selters Tor,111,158,47
01112023-1835,Selters Tor,114,158,44
18112023-1940,Selters Tor,128,158,30
16112023-2036,Selters Tor,132,158,26
10112023-1350,Selters Tor,63,158,95
20112023-1055,Selters Tor,17,158,141
28102023-1305,Selters Tor,98,158,60
30102023-2059,Selters Tor,144,158,14
12112023-2025,Selters Tor,148,158,10
01112023-1741,Selters Tor,94,158,64
18112023-1105,Selters Tor,100,158,58
19112023-1525,Selters Tor,146,158,12
13112023-1210,Selters Tor,24,158,134
07112023-1225,Selters Tor,31,158,127
08112023-1656,Selters Tor,85,158,73
28102023-2040,Selters Tor,141,158,17
02112023-1034,Selters Tor,3,158,155
29102023-1920,Selters Tor,146,158,12
31102023-1041,Selters Tor,37,158,121
18112023-1230,Selters Tor,90,158,68
26102023-1624,Selters Tor,76,158,82
04112023-2026,Selters Tor,141,158,17
28102023-1101,Selters Tor,111,158,47
01112023-1015,Selters Tor,19,158,139
03112023-1650,Selters Tor,92,158,66
20112023-1925,Selters Tor,131,158,27
14112023-1244,Selters Tor,21,158,137
07112023-1920,Selters Tor,134,158,24
17112023-1135,Selters Tor,36,158,122
28102023-1739,Selters Tor,105,158,53
10112023-1835,Selters Tor,121,158,37
03112023-2020,Selters Tor,146,158,12
28102023-1835,Selters Tor,129,158,29
12112023-1345,Selters Tor,146,158,12
31102023-1546,Selters Tor,46,158,112
04112023-1500,Selters Tor,89,158,69
04112023-1825,Selters Tor,131,158,27
28102023-1926,Selters Tor,135,158,23
10112023-1120,Selters Tor,32,158,126
05112023-1751,Selters Tor,141,158,17
12112023-2050,Selters Tor,149,158,9
10112023-1440,Selters Tor,80,158,78
25102023-1729,Selters Tor,98,158,60
16112023-1524,Selters Tor,25,158,133
19112023-1231,Selters Tor,145,158,13
09112023-2050,Selters Tor,140,158,18
04112023-0935,Selters Tor,139,158,19
16112023-1406,Selters Tor,32,158,126
31102023-2050,Selters Tor,147,158,11
15112023-0859,Selters Tor,48,158,110
31102023-1730,Selters Tor,77,158,81
11112023-1010,Selters Tor,134,158,24
12112023-1030,Selters Tor,149,158,9
30102023-1844,Selters Tor,134,158,24
12112023-1505,Selters Tor,143,158,15
07112023-0939,Selters Tor,44,158,114
01112023-1829,Selters Tor,112,158,46
18112023-1530,Selters Tor,63,158,95
17112023-1015,Selters Tor,56,158,102
13112023-1125,Selters Tor,12,158,146
03112023-1919,Selters Tor,136,158,22
14112023-1830,Selters Tor,101,158,57
18112023-1505,Selters Tor,67,158,91
30102023-2035,Selters Tor,144,158,14
09112023-0915,Selters Tor,68,158,90
30102023-1605,Selters Tor,58,158,100
25102023-1829,Selters Tor,118,158,40
19112023-1445,Selters Tor,148,158,10
01112023-1655,Selters Tor,76,158,82
16112023-0920,Selters Tor,51,158,107
06112023-2050,Selters Tor,141,158,17
17112023-1350,Selters Tor,64,158,94
02112023-1240,Selters Tor,8,158,150
20112023-1450,Selters Tor,14,158,144
05112023-1020,Selters Tor,145,158,13
07112023-1730,Selters Tor,71,158,87
07112023-1140,Selters Tor,19,158,139
31102023-1925,Selters Tor,139,158,19
31102023-1930,Selters Tor,141,158,17
15112023-1730,Selters Tor,95,158,63
19112023-1105,Selters Tor,146,158,12
28102023-2036,Selters Tor,141,158,17
11112023-1105,Selters Tor,108,158,50
05112023-1911,Selters Tor,146,158,12
30102023-1125,Selters Tor,29,158,129
18112023-1814,Selters Tor,120,158,38
02112023-1831,Selters Tor,116,158,42
13112023-1150,Selters Tor,14,158,144
30102023-0951,Selters Tor,44,158,114
03112023-1229,Selters Tor,40,158,118
25102023-1540,Selters Tor,69,158,89
17112023-1749,Selters Tor,118,158,40
31102023-1200,Selters Tor,43,158,115
04112023-1351,Selters Tor,85,158,73
15112023-1241,Selters Tor,41,158,117
10112023-1420,Selters Tor,74,158,84
05112023-1735,Selters Tor,143,158,15
12112023-1620,Selters Tor,134,158,24
28102023-1110,Selters Tor,107,158,51
08112023-1841,Selters Tor,116,158,42
02112023-1641,Selters Tor,65,158,93
02112023-1146,Selters Tor,17,158,141
29102023-1306,Selters Tor,143,158,15
30102023-1830,Selters Tor,128,158,30
13112023-1215,Selters Tor,28,158,130
20112023-1646,Selters Tor,52,158,106
03112023-1314,Selters Tor,55,158,103
08112023-1125,Selters Tor,21,158,137
16112023-1604,Selters Tor,52,158,106
10112023-1735,Selters Tor,111,158,47
14112023-0936,Selters Tor,41,158,117
04112023-1625,Selters Tor,91,158,67
31102023-1900,Selters Tor,127,158,31
20112023-1436,Selters Tor,13,158,145
27102023-1645,Selters Tor,110,158,48
04112023-1040,Selters Tor,120,158,38
11112023-1015,Selters Tor,132,158,26
09112023-2014,Selters Tor,140,158,18
29102023-1101,Selters Tor,147,158,11
18112023-1036,Selters Tor,111,158,47
29102023-1236,Selters Tor,144,158,14
19112023-1635,Selters Tor,132,158,26
06112023-1735,Selters Tor,92,158,66
04112023-1515,Selters Tor,84,158,74
19112023-1830,Selters Tor,129,158,29
31102023-1511,Selters Tor,46,158,112
27102023-1115,Selters Tor,74,158,84
28102023-1136,Selters Tor,103,158,55
02112023-1945,Selters Tor,133,158,25
27102023-1215,Selters Tor,74,158,84
19112023-1620,Selters Tor,137,158,21
13112023-1950,Selters Tor,140,158,18
07112023-1220,Selters Tor,31,158,127
20112023-2001,Selters Tor,138,158,20
31102023-2009,Selters Tor,147,158,11
14112023-1031,Selters Tor,24,158,134
04112023-1806,Selters Tor,126,158,32
29102023-2010,Selters Tor,148,158,10
01112023-1954,Selters Tor,147,158,11
03112023-1755,Selters Tor,112,158,46
08112023-1130,Selters Tor,21,158,137
28102023-1330,Selters Tor,95,158,63
04112023-1725,Selters Tor,113,158,45
27102023-1315,Selters Tor,90,158,68
02112023-1521,Selters Tor,25,158,133
18112023-1516,Selters Tor,67,158,91
28102023-1615,Selters Tor,87,158,71
10112023-1945,Selters Tor,124,158,34
05112023-1220,Selters Tor,84,158,74
13112023-2011,Selters Tor,142,158,16
15112023-1640,Selters Tor,73,158,85
16112023-1824,Selters Tor,114,158,44
30102023-1140,Selters Tor,31,158,127
05112023-2101,Selters Tor,150,158,8
18112023-1844,Selters Tor,132,158,26
16112023-1620,Selters Tor,60,158,98
19112023-1145,Selters Tor,147,158,11
13112023-2005,Selters Tor,141,158,17
26102023-1031,Selters Tor,54,158,104
18112023-1055,Selters Tor,102,158,56
18112023-1050,Selters Tor,104,158,54
01112023-1145,Selters Tor,10,158,148
09112023-1135,Selters Tor,25,158,133
19112023-1820,Selters Tor,127,158,31
16112023-1026,Selters Tor,33,158,125
06112023-1526,Selters Tor,44,158,114
14112023-1549,Selters Tor,28,158,130
30102023-1809,Selters Tor,111,158,47
11112023-1205,Selters Tor,85,158,73
26102023-0940,Selters Tor,75,158,83
31102023-1625,Selters Tor,48,158,110
02112023-1546,Selters Tor,37,158,121
05112023-1405,Selters Tor,112,158,46
29102023-1820,Selters Tor,145,158,13
26102023-1830,Selters Tor,116,158,42
20112023-2014,Selters Tor,138,158,20
15112023-1250,Selters Tor,43,158,115
26102023-0911,Selters Tor,87,158,71
28102023-1841,Selters Tor,130,158,28
31102023-1704,Selters Tor,56,158,102
04112023-1415,Selters Tor,91,158,67
14112023-1735,Selters Tor,67,158,91
07112023-1545,Selters Tor,43,158,115
08112023-1710,Selters Tor,85,158,73
16112023-1720,Selters Tor,79,158,79
06112023-1545,Selters Tor,42,158,116
07112023-1751,Selters Tor,94,158,64
17112023-1650,Selters Tor,91,158,67
02112023-1226,Selters Tor,12,158,146
02112023-1450,Selters Tor,23,158,135
12112023-0951,Selters Tor,148,158,10
03112023-1019,Selters Tor,29,158,129
13112023-1936,Selters Tor,135,158,23
13112023-1711,Selters Tor,72,158,86
26102023-1520,Selters Tor,72,158,86
12112023-0941,Selters Tor,149,158,9
14112023-1020,Selters Tor,22,158,136
01112023-1641,Selters Tor,80,158,78
26102023-2005,Selters Tor,140,158,18
11112023-1500,Selters Tor,90,158,68
05112023-1345,Selters Tor,107,158,51
28102023-1645,Selters Tor,92,158,66
06112023-1220,Selters Tor,32,158,126
19112023-1950,Selters Tor,146,158,12
27102023-2001,Selters Tor,124,158,34
08112023-1815,Selters Tor,103,158,55
16112023-1634,Selters Tor,63,158,95
26102023-1354,Selters Tor,53,158,105
27102023-1735,Selters Tor,119,158,39
18112023-1041,Selters Tor,106,158,52
05112023-1305,Selters Tor,84,158,74
17112023-2004,Selters Tor,142,158,16
28102023-1931,Selters Tor,135,158,23
30102023-1029,Selters Tor,32,158,126
19112023-1511,Selters Tor,145,158,13
01112023-1621,Selters Tor,67,158,91
03112023-1135,Selters Tor,28,158,130
12112023-1821,Selters Tor,148,158,10
28102023-1005,Selters Tor,126,158,32
01112023-1129,Selters Tor,8,158,150
09112023-1449,Selters Tor,37,158,121
05112023-1025,Selters Tor,141,158,17
03112023-1930,Selters Tor,137,158,21
06112023-2100,Selters Tor,142,158,16
02112023-0940,Selters Tor,40,158,118
20112023-1235,Selters Tor,23,158,135
03112023-2040,Selters Tor,145,158,13
27102023-1615,Selters Tor,104,158,54
27102023-1110,Selters Tor,77,158,81
05112023-1015,Selters Tor,146,158,12
04112023-1444,Selters Tor,91,158,67
19112023-1859,Selters Tor,129,158,29
20112023-1039,Selters Tor,12,158,146
11112023-1350,Selters Tor,92,158,66
11112023-0925,Selters Tor,141,158,17
06112023-0925,Selters Tor,56,158,102
03112023-1745,Selters Tor,111,158,47
17112023-1245,Selters Tor,55,158,103
02112023-2009,Selters Tor,139,158,19
15112023-1246,Selters Tor,43,158,115
03112023-1926,Selters Tor,137,158,21
29102023-1620,Selters Tor,136,158,22
13112023-1739,Selters Tor,92,158,66
12112023-2021,Selters Tor,148,158,10
02112023-1505,Selters Tor,27,158,131
11112023-1324,Selters Tor,87,158,71
16112023-2101,Selters Tor,136,158,22
10112023-0925,Selters Tor,68,158,90
17112023-1744,Selters Tor,117,158,41
28102023-1249,Selters Tor,98,158,60
09112023-1120,Selters Tor,27,158,131
03112023-1626,Selters Tor,84,158,74
18112023-0920,Selters Tor,139,158,19
10112023-1621,Selters Tor,98,158,60
16112023-1136,Selters Tor,31,158,127
11112023-1210,Selters Tor,88,158,70
08112023-1420,Selters Tor,58,158,100
02112023-2035,Selters Tor,143,158,15
18112023-1130,Selters Tor,89,158,69
08112023-2000,Selters Tor,139,158,19
30102023-1725,Selters Tor,90,158,68
13112023-1529,Selters Tor,27,158,131
29102023-1445,Selters Tor,147,158,11
11112023-1040,Selters Tor,124,158,34
28102023-1515,Selters Tor,86,158,72
31102023-0946,Selters Tor,37,158,121
17112023-1939,Selters Tor,144,158,14
06112023-1335,Selters Tor,38,158,120
15112023-1505,Selters Tor,47,158,111
29102023-2041,Selters Tor,148,158,10
02112023-1919,Selters Tor,129,158,29
16112023-0925,Selters Tor,54,158,104
29102023-1206,Selters Tor,146,158,12
11112023-1615,Selters Tor,93,158,65
30102023-1614,Selters Tor,60,158,98
11112023-1034,Selters Tor,127,158,31
09112023-1825,Selters Tor,113,158,45
19112023-1850,Selters Tor,129,158,29
19112023-1130,Selters Tor,146,158,12
03112023-1340,Selters Tor,61,158,97
26102023-0915,Selters Tor,86,158,72
12112023-1831,Selters Tor,148,158,10
11112023-1825,Selters Tor,133,158,25
28102023-2101,Selters Tor,140,158,18
20112023-1430,Selters Tor,13,158,145
20112023-1626,Selters Tor,45,158,113
05112023-1724,Selters Tor,142,158,16
11112023-1400,Selters Tor,90,158,68
27102023-1224,Selters Tor,76,158,82
17112023-2036,Selters Tor,143,158,15
09112023-1020,Selters Tor,39,158,119
14112023-1740,Selters Tor,71,158,87
09112023-1916,Selters Tor,131,158,27
13112023-2055,Selters Tor,141,158,17
11112023-1510,Selters Tor,92,158,66
09112023-1740,Selters Tor,84,158,74
26102023-1930,Selters Tor,141,158,17
01112023-0939,Selters Tor,30,158,128
20112023-0925,Selters Tor,31,158,127
08112023-1030,Selters Tor,17,158,141
19112023-2034,Selters Tor,148,158,10
17112023-1900,Selters Tor,138,158,20
09112023-1746,Selters Tor,91,158,67
14112023-1430,Selters Tor,19,158,139
16112023-1749,Selters Tor,100,158,58
29102023-1120,Selters Tor,146,158,12
07112023-1526,Selters Tor,44,158,114
30102023-1741,Selters Tor,97,158,61
05112023-1000,Selters Tor,149,158,9
13112023-1600,Selters Tor,48,158,110
29102023-1405,Selters Tor,148,158,10
04112023-0950,Selters Tor,134,158,24
28102023-1016,Selters Tor,125,158,33
20112023-1605,Selters Tor,36,158,122
26102023-1701,Selters Tor,74,158,84
11112023-1144,Selters Tor,92,158,66
05112023-2031,Selters Tor,149,158,9
08112023-1039,Selters Tor,22,158,136
13112023-1425,Selters Tor,17,158,141
15112023-1450,Selters Tor,44,158,114
19112023-1140,Selters Tor,146,158,12
14112023-1920,Selters Tor,123,158,35
27102023-1835,Selters Tor,119,158,39
02112023-1439,Selters Tor,25,158,133
28102023-0950,Selters Tor,131,158,27
14112023-1420,Selters Tor,21,158,137
03112023-2005,Selters Tor,145,158,13
27102023-0950,Selters Tor,95,158,63
04112023-2046,Selters Tor,142,158,16
27102023-1229,Selters Tor,78,158,80
29102023-1350,Selters Tor,148,158,10
26102023-1730,Selters Tor,85,158,73
26102023-1745,Selters Tor,93,158,65
02112023-1245,Selters Tor,7,158,151
10112023-1434,Selters Tor,80,158,78
01112023-1755,Selters Tor,98,158,60
04112023-1815,Selters Tor,130,158,28
17112023-1035,Selters Tor,54,158,104
18112023-0949,Selters Tor,126,158,32
31102023-1629,Selters Tor,49,158,109
15112023-2029,Selters Tor,146,158,12
15112023-1424,Selters Tor,47,158,111
27102023-1535,Selters Tor,102,158,56
01112023-1605,Selters Tor,61,158,97
03112023-1224,Selters Tor,37,158,121
03112023-1730,Selters Tor,112,158,46
29102023-1840,Selters Tor,145,158,13
09112023-1951,Selters Tor,141,158,17
28102023-2021,Selters Tor,141,158,17
07112023-1145,Selters Tor,20,158,138
15112023-1306,Selters Tor,41,158,117
06112023-1406,Selters Tor,43,158,115
11112023-1126,Selters Tor,99,158,59
18112023-1021,Selters Tor,114,158,44
25102023-1624,Selters Tor,72,158,86
03112023-1434,Selters Tor,74,158,84
05112023-1840,Selters Tor,140,158,18
28102023-1145,Selters Tor,98,158,60
30102023-1431,Selters Tor,58,158,100
26102023-1806,Selters Tor,101,158,57
27102023-1339,Selters Tor,91,158,67
07112023-1850,Selters Tor,123,158,35
20112023-1541,Selters Tor,35,158,123
09112023-1425,Selters Tor,27,158,131
06112023-0940,Selters Tor,50,158,108
14112023-1706,Selters Tor,50,158,108
02112023-1735,Selters Tor,92,158,66
08112023-1646,Selters Tor,81,158,77
01112023-1710,Selters Tor,80,158,78
12112023-1405,Selters Tor,145,158,13
30102023-1709,Selters Tor,88,158,70
05112023-2035,Selters Tor,149,158,9
05112023-2040,Selters Tor,149,158,9
06112023-1036,Selters Tor,40,158,118
08112023-1300,Selters Tor,47,158,111
04112023-1905,Selters Tor,136,158,22
08112023-2100,Selters Tor,145,158,13
02112023-1621,Selters Tor,52,158,106
03112023-1709,Selters Tor,103,158,55
17112023-1235,Selters Tor,50,158,108
28102023-2015,Selters Tor,141,158,17
30102023-1529,Selters Tor,65,158,93
30102023-1444,Selters Tor,63,158,95
01112023-1546,Selters Tor,53,158,105
29102023-2030,Selters Tor,148,158,10
09112023-1226,Selters Tor,44,158,114
09112023-1340,Selters Tor,40,158,118
12112023-1051,Selters Tor,146,158,12
12112023-1635,Selters Tor,136,158,22
02112023-1310,Selters Tor,15,158,143
28102023-1325,Selters Tor,94,158,64
16112023-1700,Selters Tor,75,158,83
30102023-1421,Selters Tor,57,158,101
17112023-1316,Selters Tor,61,158,97
17112023-1934,Selters Tor,143,158,15
07112023-1819,Selters Tor,114,158,44
04112023-1619,Selters Tor,92,158,66
10112023-1035,Selters Tor,39,158,119
10112023-1025,Selters Tor,43,158,115
16112023-2015,Selters Tor,131,158,27
18112023-0959,Selters Tor,123,158,35
30102023-1634,Selters Tor,71,158,87
03112023-0955,Selters Tor,34,158,124
15112023-0930,Selters Tor,41,158,117
27102023-1730,Selters Tor,116,158,42
18112023-1210,Selters Tor,86,158,72
29102023-1830,Selters Tor,145,158,13
01112023-1034,Selters Tor,14,158,144
05112023-2014,Selters Tor,148,158,10
31102023-1211,Selters Tor,40,158,118
15112023-1335,Selters Tor,41,158,117
17112023-0935,Selters Tor,64,158,94
30102023-0945,Selters Tor,49,158,109
03112023-1516,Selters Tor,79,158,79
30102023-1235,Selters Tor,51,158,107
06112023-1535,Selters Tor,48,158,110
19112023-1955,Selters Tor,146,158,12
20112023-0919,Selters Tor,31,158,127
30102023-0900,Selters Tor,62,158,96
01112023-1525,Selters Tor,44,158,114
08112023-1826,Selters Tor,108,158,50
03112023-0920,Selters Tor,60,158,98
14112023-1809,Selters Tor,90,158,68
04112023-1015,Selters Tor,128,158,30
27102023-2055,Selters Tor,128,158,30
18112023-1411,Selters Tor,66,158,92
26102023-0900,Selters Tor,91,158,67
20112023-1801,Selters Tor,98,158,60
02112023-1721,Selters Tor,86,158,72
03112023-1429,Selters Tor,72,158,86
05112023-0921,Selters Tor,152,158,6
03112023-1850,Selters Tor,124,158,34
30102023-1026,Selters Tor,32,158,126
15112023-1135,Selters Tor,22,158,136
07112023-1135,Selters Tor,21,158,137
09112023-1454,Selters Tor,38,158,120
10112023-2011,Selters Tor,126,158,32
01112023-1935,Selters Tor,143,158,15
10112023-1020,Selters Tor,43,158,115
30102023-1215,Selters Tor,47,158,111
02112023-1935,Selters Tor,132,158,26
14112023-1629,Selters Tor,39,158,119
31102023-1016,Selters Tor,40,158,118
09112023-1505,Selters Tor,39,158,119
30102023-1624,Selters Tor,66,158,92
05112023-1441,Selters Tor,109,158,49
31102023-0919,Selters Tor,46,158,112
28102023-0910,Selters Tor,137,158,21
05112023-1715,Selters Tor,140,158,18
19112023-1336,Selters Tor,143,158,15
01112023-1215,Selters Tor,16,158,142
02112023-1930,Selters Tor,130,158,28
09112023-1210,Selters Tor,37,158,121
03112023-1946,Selters Tor,140,158,18
27102023-1545,Selters Tor,98,158,60
15112023-1851,Selters Tor,132,158,26
07112023-1610,Selters Tor,47,158,111
05112023-1446,Selters Tor,106,158,52
10112023-1930,Selters Tor,123,158,35
09112023-2044,Selters Tor,138,158,20
25102023-2026,Selters Tor,139,158,19
12112023-1950,Selters Tor,147,158,11
09112023-1726,Selters Tor,75,158,83
30102023-1940,Selters Tor,137,158,21
10112023-1049,Selters Tor,35,158,123
12112023-1215,Selters Tor,146,158,12
05112023-1826,Selters Tor,140,158,18
16112023-1514,Selters Tor,25,158,133
26102023-1651,Selters Tor,71,158,87
30102023-1540,Selters Tor,66,158,92
19112023-2045,Selters Tor,148,158,10
10112023-1605,Selters Tor,92,158,66
05112023-1600,Selters Tor,120,158,38
04112023-1605,Selters Tor,87,158,71
04112023-1940,Selters Tor,136,158,22
01112023-2020,Selters Tor,148,158,10
19112023-1641,Selters Tor,131,158,27
03112023-1140,Selters Tor,28,158,130
18112023-2100,Selters Tor,132,158,26
10112023-1220,Selters Tor,48,158,110
30102023-2031,Selters Tor,145,158,13
12112023-1036,Selters Tor,147,158,11
29102023-1815,Selters Tor,145,158,13
06112023-0950,Selters Tor,48,158,110
03112023-1130,Selters Tor,27,158,131
02112023-1221,Selters Tor,12,158,146
04112023-1435,Selters Tor,96,158,62
16112023-1131,Selters Tor,27,158,131
14112023-1405,Selters Tor,16,158,142
08112023-1950,Selters Tor,135,158,23
03112023-1726,Selters Tor,108,158,50
09112023-1851,Selters Tor,121,158,37
14112023-1945,Selters Tor,135,158,23
27102023-2100,Selters Tor,128,158,30
11112023-1740,Selters Tor,119,158,39
17112023-1621,Selters Tor,88,158,70
12112023-0916,Selters Tor,149,158,9
09112023-1231,Selters Tor,40,158,118
20112023-1526,Selters Tor,26,158,132
12112023-1416,Selters Tor,144,158,14
10112023-1215,Selters Tor,46,158,112
05112023-1620,Selters Tor,128,158,30
02112023-2045,Selters Tor,142,158,16
10112023-1855,Selters Tor,123,158,35
09112023-1806,Selters Tor,106,158,52
26102023-1244,Selters Tor,42,158,116
25102023-1919,Selters Tor,132,158,26
07112023-1905,Selters Tor,129,158,29
19112023-1430,Selters Tor,147,158,11
16112023-0904,Selters Tor,65,158,93
04112023-1046,Selters Tor,116,158,42
30102023-1145,Selters Tor,35,158,123
16112023-1350,Selters Tor,32,158,126
19112023-1026,Selters Tor,147,158,11
03112023-1619,Selters Tor,84,158,74
08112023-1909,Selters Tor,117,158,41
09112023-1035,Selters Tor,34,158,124
07112023-1621,Selters Tor,51,158,107
16112023-1844,Selters Tor,123,158,35
27102023-1525,Selters Tor,100,158,58
09112023-1215,Selters Tor,41,158,117
30102023-1820,Selters Tor,120,158,38
13112023-0930,Selters Tor,37,158,121
05112023-1035,Selters Tor,140,158,18
08112023-1635,Selters Tor,78,158,80
15112023-1015,Selters Tor,28,158,130
08112023-1429,Selters Tor,60,158,98
03112023-1045,Selters Tor,29,158,129
02112023-1004,Selters Tor,22,158,136
03112023-0940,Selters Tor,53,158,105
13112023-1635,Selters Tor,53,158,105
31102023-1420,Selters Tor,38,158,120
15112023-1539,Selters Tor,52,158,106
19112023-1540,Selters Tor,141,158,17
20112023-1735,Selters Tor,91,158,67
30102023-1225,Selters Tor,51,158,107
15112023-1614,Selters Tor,63,158,95
25102023-1756,Selters Tor,105,158,53
29102023-0951,Selters Tor,145,158,13
31102023-1451,Selters Tor,39,158,119
13112023-2040,Selters Tor,141,158,17
28102023-1205,Selters Tor,96,158,62
18112023-1540,Selters Tor,62,158,96
20112023-1705,Selters Tor,65,158,93
15112023-1125,Selters Tor,21,158,137
20112023-1850,Selters Tor,120,158,38
06112023-1506,Selters Tor,34,158,124
01112023-1445,Selters Tor,41,158,117
27102023-1840,Selters Tor,123,158,35
28102023-1635,Selters Tor,95,158,63
26102023-1845,Selters Tor,119,158,39
04112023-1635,Selters Tor,93,158,65
07112023-1249,Selters Tor,32,158,126
14112023-1725,Selters Tor,66,158,92
05112023-1050,Selters Tor,134,158,24
10112023-1234,Selters Tor,48,158,110
07112023-1706,Selters Tor,61,158,97
08112023-1830,Selters Tor,112,158,46
05112023-1855,Selters Tor,142,158,16
15112023-0920,Selters Tor,43,158,115
30102023-1835,Selters Tor,132,158,26
07112023-1445,Selters Tor,43,158,115
02112023-1635,Selters Tor,60,158,98
18112023-1026,Selters Tor,113,158,45
04112023-1550,Selters Tor,85,158,73
02112023-1156,Selters Tor,13,158,145
11112023-1925,Selters Tor,142,158,16
17112023-1050,Selters Tor,47,158,111
11112023-2010,Selters Tor,140,158,18
01112023-1635,Selters Tor,78,158,80
30102023-1746,Selters Tor,99,158,59
29102023-1345,Selters Tor,146,158,12
04112023-1121,Selters Tor,109,158,49
04112023-1345,Selters Tor,81,158,77
07112023-0945,Selters Tor,39,158,119
18112023-1439,Selters Tor,69,158,89
29102023-1544,Selters Tor,139,158,19
08112023-1436,Selters Tor,62,158,96
14112023-1640,Selters Tor,39,158,119
11112023-1630,Selters Tor,99,158,59
09112023-1200,Selters Tor,34,158,124
11112023-1646,Selters Tor,101,158,57
17112023-1410,Selters Tor,65,158,93
08112023-1849,Selters Tor,117,158,41
16112023-1240,Selters Tor,40,158,118
15112023-1434,Selters Tor,49,158,109
20112023-1210,Selters Tor,16,158,142
16112023-1644,Selters Tor,67,158,91
01112023-1630,Selters Tor,75,158,83
26102023-0951,Selters Tor,64,158,94
20112023-1230,Selters Tor,23,158,135
14112023-0951,Selters Tor,35,158,123
20112023-1820,Selters Tor,107,158,51
06112023-2040,Selters Tor,140,158,18
14112023-2036,Selters Tor,141,158,17
29102023-1150,Selters Tor,146,158,12
08112023-0944,Selters Tor,34,158,124
04112023-1135,Selters Tor,111,158,47
10112023-1616,Selters Tor,95,158,63
03112023-1845,Selters Tor,122,158,36
18112023-1546,Selters Tor,64,158,94
06112023-1435,Selters Tor,32,158,126
20112023-1721,Selters Tor,75,158,83
19112023-2100,Selters Tor,148,158,10
13112023-1830,Selters Tor,119,158,39
14112023-1140,Selters Tor,9,158,149
06112023-1550,Selters Tor,43,158,115
15112023-1216,Selters Tor,36,158,122
11112023-1045,Selters Tor,120,158,38
03112023-2026,Selters Tor,146,158,12
09112023-2019,Selters Tor,140,158,18
06112023-1709,Selters Tor,81,158,77
27102023-1050,Selters Tor,81,158,77
27102023-1850,Selters Tor,124,158,34
25102023-1940,Selters Tor,137,158,21
11112023-1751,Selters Tor,125,158,33
28102023-1540,Selters Tor,84,158,74
26102023-2100,Selters Tor,144,158,14
30102023-1441,Selters Tor,64,158,94
29102023-0920,Selters Tor,146,158,12
28102023-1730,Selters Tor,101,158,57
28102023-1639,Selters Tor,93,158,65
09112023-1520,Selters Tor,40,158,118
28102023-1815,Selters Tor,122,158,36
17112023-1551,Selters Tor,76,158,82
15112023-1824,Selters Tor,123,158,35
05112023-1030,Selters Tor,140,158,18
06112023-1421,Selters Tor,35,158,123
29102023-1025,Selters Tor,147,158,11
28102023-1254,Selters Tor,97,158,61
07112023-1500,Selters Tor,42,158,116
10112023-1635,Selters Tor,103,158,55
29102023-1910,Selters Tor,144,158,14
31102023-1246,Selters Tor,46,158,112
12112023-1420,Selters Tor,144,158,14
28102023-1715,Selters Tor,93,158,65
02112023-1836,Selters Tor,119,158,39
06112023-1631,Selters Tor,55,158,103
26102023-1951,Selters Tor,141,158,17
08112023-1940,Selters Tor,133,158,25
28102023-1121,Selters Tor,103,158,55
26102023-1204,Selters Tor,38,158,120
13112023-1244,Selters Tor,25,158,133
08112023-1026,Selters Tor,15,158,143
01112023-1615,Selters Tor,64,158,94
19112023-1049,Selters Tor,148,158,10
27102023-1150,Selters Tor,68,158,90
20112023-1130,Selters Tor,13,158,145
04112023-1126,Selters Tor,113,158,45
31102023-1251,Selters Tor,45,158,113
05112023-0940,Selters Tor,152,158,6
08112023-0915,Selters Tor,50,158,108
27102023-1046,Selters Tor,79,158,79
25102023-2035,Selters Tor,141,158,17
16112023-1950,Selters Tor,133,158,25
10112023-1921,Selters Tor,125,158,33
03112023-1500,Selters Tor,76,158,82
19112023-1355,Selters Tor,147,158,11
27102023-1650,Selters Tor,110,158,48
17112023-2025,Selters Tor,142,158,16
05112023-2050,Selters Tor,150,158,8
17112023-1215,Selters Tor,35,158,123
01112023-1405,Selters Tor,37,158,121
18112023-1235,Selters Tor,90,158,68
01112023-1031,Selters Tor,12,158,146
13112023-1630,Selters Tor,50,158,108
17112023-1200,Selters Tor,29,158,129
27102023-1710,Selters Tor,117,158,41
10112023-1850,Selters Tor,122,158,36
15112023-1650,Selters Tor,81,158,77
30102023-1936,Selters Tor,136,158,22
03112023-1250,Selters Tor,48,158,110
29102023-1710,Selters Tor,138,158,20
19112023-1919,Selters Tor,128,158,30
31102023-0931,Selters Tor,45,158,113
03112023-1535,Selters Tor,82,158,76
01112023-1726,Selters Tor,87,158,71
05112023-1421,Selters Tor,111,158,47
14112023-2010,Selters Tor,138,158,20
10112023-2005,Selters Tor,128,158,30
16112023-0934,Selters Tor,49,158,109
20112023-2100,Selters Tor,145,158,13
08112023-1400,Selters Tor,55,158,103
10112023-0940,Selters Tor,61,158,97
09112023-1630,Selters Tor,51,158,107
05112023-1929,Selters Tor,146,158,12
28102023-2056,Selters Tor,140,158,18
27102023-1845,Selters Tor,123,158,35
13112023-1046,Selters Tor,6,158,152
13112023-1020,Selters Tor,16,158,142
01112023-1455,Selters Tor,39,158,119
28102023-0925,Selters Tor,135,158,23
25102023-1644,Selters Tor,84,158,74
26102023-1105,Selters Tor,48,158,110
12112023-1154,Selters Tor,146,158,12
13112023-1420,Selters Tor,14,158,144
03112023-2010,Selters Tor,146,158,12
12112023-1209,Selters Tor,146,158,12
19112023-1650,Selters Tor,130,158,28
04112023-1140,Selters Tor,111,158,47
28102023-1244,Selters Tor,99,158,59
26102023-1220,Selters Tor,41,158,117
18112023-1950,Selters Tor,130,158,28
31102023-1241,Selters Tor,49,158,109
12112023-1245,Selters Tor,148,158,10
11112023-1340,Selters Tor,90,158,68
20112023-2045,Selters Tor,145,158,13
13112023-2020,Selters Tor,142,158,16
01112023-1900,Selters Tor,128,158,30
12112023-1651,Selters Tor,136,158,22
06112023-1350,Selters Tor,42,158,116
19112023-1416,Selters Tor,146,158,12
14112023-1615,Selters Tor,34,158,124
07112023-1651,Selters Tor,61,158,97
26102023-1235,Selters Tor,43,158,115
31102023-1435,Selters Tor,34,158,124
12112023-1145,Selters Tor,146,158,12
19112023-1010,Selters Tor,147,158,11
27102023-1501,Selters Tor,96,158,62
07112023-1840,Selters Tor,123,158,35
10112023-1640,Selters Tor,103,158,55
01112023-2030,Selters Tor,148,158,10
12112023-1746,Selters Tor,148,158,10
17112023-1451,Selters Tor,69,158,89
27102023-1740,Selters Tor,116,158,42
18112023-1914,Selters Tor,133,158,25
07112023-1636,Selters Tor,62,158,96
13112023-1025,Selters Tor,13,158,145
19112023-1420,Selters Tor,147,158,11
01112023-1226,Selters Tor,19,158,139
29102023-0940,Selters Tor,146,158,12
09112023-1625,Selters Tor,49,158,109
12112023-1425,Selters Tor,144,158,14
05112023-1925,Selters Tor,146,158,12
25102023-1834,Selters Tor,118,158,40
05112023-0935,Selters Tor,152,158,6
20112023-1550,Selters Tor,36,158,122
16112023-1215,Selters Tor,36,158,122
16112023-1015,Selters Tor,33,158,125
09112023-1400,Selters Tor,37,158,121
17112023-1631,Selters Tor,89,158,69
31102023-1815,Selters Tor,103,158,55
29102023-1951,Selters Tor,147,158,11
13112023-1430,Selters Tor,18,158,140
25102023-1629,Selters Tor,74,158,84
13112023-1640,Selters Tor,57,158,101
17112023-1426,Selters Tor,68,158,90
02112023-0955,Selters Tor,29,158,129
09112023-1706,Selters Tor,68,158,90
11112023-1711,Selters Tor,105,158,53
04112023-1524,Selters Tor,82,158,76
06112023-1426,Selters Tor,33,158,125
27102023-1630,Selters Tor,108,158,50
16112023-1549,Selters Tor,41,158,117
10112023-1501,Selters Tor,84,158,74
12112023-1315,Selters Tor,149,158,9
01112023-1804,Selters Tor,101,158,57
11112023-1946,Selters Tor,141,158,17
25102023-1925,Selters Tor,135,158,23
17112023-2039,Selters Tor,143,158,15
05112023-1539,Selters Tor,119,158,39
27102023-2035,Selters Tor,126,158,32
18112023-1720,Selters Tor,105,158,53
07112023-2040,Selters Tor,145,158,13
29102023-1145,Selters Tor,146,158,12
26102023-1330,Selters Tor,48,158,110
12112023-1046,Selters Tor,146,158,12
12112023-1120,Selters Tor,146,158,12
29102023-1530,Selters Tor,139,158,19
15112023-1604,Selters Tor,60,158,98
08112023-1615,Selters Tor,84,158,74
01112023-1940,Selters Tor,144,158,14
08112023-1930,Selters Tor,129,158,29
13112023-1130,Selters Tor,13,158,145
09112023-1931,Selters Tor,138,158,20
04112023-1050,Selters Tor,116,158,42
19112023-1746,Selters Tor,127,158,31
29102023-1810,Selters Tor,145,158,13
09112023-1940,Selters Tor,140,158,18
26102023-1534,Selters Tor,72,158,86
07112023-1126,Selters Tor,27,158,131
08112023-1155,Selters Tor,27,158,131
13112023-1235,Selters Tor,29,158,129
26102023-1225,Selters Tor,45,158,113
04112023-1250,Selters Tor,92,158,66
07112023-1625,Selters Tor,56,158,102
27102023-1344,Selters Tor,91,158,67
29102023-0930,Selters Tor,146,158,12
25102023-1634,Selters Tor,78,158,80
08112023-2009,Selters Tor,139,158,19
04112023-1430,Selters Tor,93,158,65
09112023-1044,Selters Tor,32,158,126
05112023-1246,Selters Tor,83,158,75
07112023-2100,Selters Tor,147,158,11
13112023-0935,Selters Tor,31,158,127
18112023-2055,Selters Tor,131,158,27
15112023-1235,Selters Tor,41,158,117
31102023-1225,Selters Tor,46,158,112
27102023-1026,Selters Tor,82,158,76
28102023-1036,Selters Tor,116,158,42
31102023-1036,Selters Tor,38,158,120
11112023-2021,Selters Tor,140,158,18
13112023-2036,Selters Tor,141,158,17
17112023-1645,Selters Tor,90,158,68
19112023-2050,Selters Tor,148,158,10
14112023-1524,Selters Tor,18,158,140
18112023-1201,Selters Tor,85,158,73
07112023-1441,Selters Tor,44,158,114
07112023-1754,Selters Tor,94,158,64
17112023-0925,Selters Tor,70,158,88
11112023-1831,Selters Tor,134,158,24
14112023-1800,Selters Tor,86,158,72
28102023-1950,Selters Tor,138,158,20
12112023-1101,Selters Tor,147,158,11
15112023-0936,Selters Tor,41,158,117
03112023-1449,Selters Tor,80,158,78
26102023-1149,Selters Tor,38,158,120
05112023-1431,Selters Tor,110,158,48
10112023-1245,Selters Tor,49,158,109
13112023-1745,Selters Tor,96,158,62
13112023-1941,Selters Tor,136,158,22
06112023-2030,Selters Tor,142,158,16
13112023-1929,Selters Tor,135,158,23
06112023-1150,Selters Tor,29,158,129
27102023-2030,Selters Tor,126,158,32
08112023-1220,Selters Tor,36,158,122
18112023-2040,Selters Tor,133,158,25
26102023-1615,Selters Tor,73,158,85
02112023-1119,Selters Tor,9,158,149
29102023-2046,Selters Tor,148,158,10
20112023-1636,Selters Tor,44,158,114
19112023-1735,Selters Tor,127,158,31
06112023-2010,Selters Tor,140,158,18
29102023-1420,Selters Tor,147,158,11
03112023-1645,Selters Tor,92,158,66
16112023-1150,Selters Tor,25,158,133
04112023-1221,Selters Tor,95,158,63
19112023-0915,Selters Tor,152,158,6
14112023-2015,Selters Tor,139,158,19
05112023-0915,Selters Tor,152,158,6
26102023-1325,Selters Tor,45,158,113
08112023-1049,Selters Tor,21,158,137
01112023-1541,Selters Tor,53,158,105
06112023-1440,Selters Tor,34,158,124
09112023-1545,Selters Tor,37,158,121
14112023-2101,Selters Tor,142,158,16
08112023-1601,Selters Tor,86,158,72
12112023-2100,Selters Tor,149,158,9
30102023-1759,Selters Tor,100,158,58
29102023-1600,Selters Tor,137,158,21
30102023-2021,Selters Tor,145,158,13
11112023-1050,Selters Tor,120,158,38
08112023-1425,Selters Tor,60,158,98
19112023-2015,Selters Tor,148,158,10
12112023-1435,Selters Tor,142,158,16
08112023-1741,Selters Tor,93,158,65
16112023-1911,Selters Tor,131,158,27
17112023-1505,Selters Tor,71,158,87
07112023-1351,Selters Tor,39,158,119
16112023-1210,Selters Tor,35,158,123
29102023-1041,Selters Tor,147,158,11
08112023-1844,Selters Tor,116,158,42
05112023-1124,Selters Tor,108,158,50
11112023-2100,Selters Tor,141,158,17
28102023-1219,Selters Tor,100,158,58
02112023-1446,Selters Tor,24,158,134
04112023-1540,Selters Tor,80,158,78
11112023-1921,Selters Tor,143,158,15
18112023-2034,Selters Tor,133,158,25
05112023-1549,Selters Tor,122,158,36
05112023-2000,Selters Tor,150,158,8
26102023-1710,Selters Tor,78,158,80
31102023-1634,Selters Tor,52,158,106
03112023-1614,Selters Tor,84,158,74
28102023-1040,Selters Tor,115,158,43
06112023-0935,Selters Tor,52,158,106
04112023-0940,Selters Tor,139,158,19
27102023-1300,Selters Tor,88,158,70
26102023-2035,Selters Tor,144,158,14
11112023-1540,Selters Tor,93,158,65
04112023-0920,Selters Tor,142,158,16
16112023-2040,Selters Tor,132,158,26
20112023-1950,Selters Tor,136,158,22
18112023-1241,Selters Tor,90,158,68
26102023-1835,Selters Tor,117,158,41
16112023-0945,Selters Tor,43,158,115
19112023-1015,Selters Tor,147,158,11
27102023-1655,Selters Tor,113,158,45
06112023-1934,Selters Tor,138,158,20
25102023-2031,Selters Tor,140,158,18
15112023-2045,Selters Tor,148,158,10
30102023-1245,Selters Tor,53,158,105
14112023-1231,Selters Tor,18,158,140
17112023-1005,Selters Tor,58,158,100
20112023-1139,Selters Tor,9,158,149
04112023-2031,Selters Tor,140,158,18
07112023-1416,Selters Tor,40,158,118
14112023-1015,Selters Tor,21,158,137
16112023-1020,Selters Tor,32,158,126
03112023-1235,Selters Tor,43,158,115
08112023-1245,Selters Tor,45,158,113
01112023-1235,Selters Tor,20,158,138
07112023-2015,Selters Tor,146,158,12
03112023-1055,Selters Tor,32,158,126
12112023-1750,Selters Tor,149,158,9
16112023-2045,Selters Tor,133,158,25
04112023-1946,Selters Tor,136,158,22
17112023-1040,Selters Tor,51,158,107
19112023-1135,Selters Tor,146,158,12
14112023-1954,Selters Tor,133,158,25
15112023-1035,Selters Tor,16,158,142
05112023-1330,Selters Tor,104,158,54
11112023-2026,Selters Tor,140,158,18
28102023-1701,Selters Tor,93,158,65
08112023-1536,Selters Tor,87,158,71
13112023-2030,Selters Tor,142,158,16
28102023-1630,Selters Tor,91,158,67
09112023-1925,Selters Tor,135,158,23
29102023-2015,Selters Tor,147,158,11
27102023-1831,Selters Tor,118,158,40
28102023-1045,Selters Tor,115,158,43
13112023-2101,Selters Tor,142,158,16
14112023-1645,Selters Tor,39,158,119
10112023-1139,Selters Tor,38,158,120
10112023-1530,Selters Tor,88,158,70
31102023-1825,Selters Tor,108,158,50
09112023-1536,Selters Tor,39,158,119
31102023-1145,Selters Tor,31,158,127
31102023-2020,Selters Tor,147,158,11
05112023-1225,Selters Tor,82,158,76
06112023-1835,Selters Tor,123,158,35
20112023-1745,Selters Tor,94,158,64
09112023-1254,Selters Tor,37,158,121
16112023-1035,Selters Tor,29,158,129
01112023-1949,Selters Tor,147,158,11
31102023-1749,Selters Tor,93,158,65
28102023-1214,Selters Tor,99,158,59
02112023-1016,Selters Tor,8,158,150
17112023-2010,Selters Tor,142,158,16
25102023-1715,Selters Tor,90,158,68
19112023-1935,Selters Tor,134,158,24
29102023-1251,Selters Tor,144,158,14
13112023-1220,Selters Tor,31,158,127
07112023-1150,Selters Tor,22,158,136
10112023-2036,Selters Tor,125,158,33
01112023-1255,Selters Tor,22,158,136
03112023-1630,Selters Tor,85,158,73
04112023-1744,Selters Tor,116,158,42
16112023-1250,Selters Tor,44,158,114
29102023-1440,Selters Tor,147,158,11
08112023-1344,Selters Tor,59,158,99
11112023-1149,Selters Tor,89,158,69
02112023-1025,Selters Tor,8,158,150
07112023-1555,Selters Tor,37,158,121
29102023-1625,Selters Tor,136,158,22
07112023-2024,Selters Tor,146,158,12
03112023-1805,Selters Tor,120,158,38
09112023-1149,Selters Tor,33,158,125
28102023-1530,Selters Tor,85,158,73
20112023-1920,Selters Tor,131,158,27
29102023-1141,Selters Tor,146,158,12
18112023-1900,Selters Tor,132,158,26
30102023-0930,Selters Tor,58,158,100
17112023-1130,Selters Tor,36,158,122
11112023-0959,Selters Tor,136,158,22
08112023-1625,Selters Tor,77,158,81
26102023-1525,Selters Tor,74,158,84
01112023-1944,Selters Tor,145,158,13
27102023-1530,Selters Tor,101,158,57
15112023-1230,Selters Tor,40,158,118
20112023-2035,Selters Tor,143,158,15
03112023-1735,Selters Tor,110,158,48
26102023-1036,Selters Tor,53,158,105
08112023-2030,Selters Tor,144,158,14
13112023-0900,Selters Tor,59,158,99
05112023-1659,Selters Tor,137,158,21
13112023-1240,Selters Tor,28,158,130
18112023-2019,Selters Tor,133,158,25
06112023-1530,Selters Tor,47,158,111
28102023-1130,Selters Tor,100,158,58
06112023-1744,Selters Tor,98,158,60
17112023-1640,Selters Tor,90,158,68
05112023-1215,Selters Tor,85,158,73
03112023-1446,Selters Tor,80,158,78
07112023-1939,Selters Tor,142,158,16
13112023-1545,Selters Tor,42,158,116
01112023-1550,Selters Tor,53,158,105
04112023-1650,Selters Tor,101,158,57
06112023-1620,Selters Tor,55,158,103
15112023-1111,Selters Tor,17,158,141
15112023-1819,Selters Tor,121,158,37
28102023-1344,Selters Tor,96,158,62
06112023-1641,Selters Tor,63,158,95
13112023-0950,Selters Tor,26,158,132
10112023-1525,Selters Tor,87,158,71
01112023-1436,Selters Tor,45,158,113
31102023-1445,Selters Tor,37,158,121
11112023-1140,Selters Tor,93,158,65
06112023-1430,Selters Tor,31,158,127
27102023-1239,Selters Tor,79,158,79
27102023-1334,Selters Tor,89,158,69
05112023-1450,Selters Tor,106,158,52
26102023-1026,Selters Tor,56,158,102
14112023-1105,Selters Tor,7,158,151
29102023-1630,Selters Tor,135,158,23
20112023-1144,Selters Tor,9,158,149
09112023-1616,Selters Tor,42,158,116
03112023-1935,Selters Tor,139,158,19
09112023-2010,Selters Tor,141,158,17
01112023-0930,Selters Tor,37,158,121
18112023-2009,Selters Tor,132,158,26
15112023-1525,Selters Tor,44,158,114
10112023-1926,Selters Tor,123,158,35
15112023-2036,Selters Tor,147,158,11
20112023-1815,Selters Tor,104,158,54
28102023-1235,Selters Tor,99,158,59
05112023-1415,Selters Tor,110,158,48
08112023-1621,Selters Tor,84,158,74
01112023-1920,Selters Tor,141,158,17
06112023-1740,Selters Tor,94,158,64
12112023-1249,Selters Tor,148,158,10
30102023-2005,Selters Tor,143,158,15
16112023-1244,Selters Tor,42,158,116
27102023-1745,Selters Tor,116,158,42
31102023-1551,Selters Tor,44,158,114
02112023-2049,Selters Tor,142,158,16
13112023-0921,Selters Tor,46,158,112
09112023-0959,Selters Tor,39,158,119
18112023-2045,Selters Tor,133,158,25
27102023-1144,Selters Tor,71,158,87
20112023-1515,Selters Tor,26,158,132
08112023-1211,Selters Tor,35,158,123
05112023-1211,Selters Tor,83,158,75
12112023-0931,Selters Tor,149,158,9
25102023-1936,Selters Tor,136,158,22
18112023-1805,Selters Tor,118,158,40
07112023-1516,Selters Tor,45,158,113
30102023-1840,Selters Tor,133,158,25
30102023-0935,Selters Tor,53,158,105
27102023-1000,Selters Tor,95,158,63
11112023-1445,Selters Tor,99,158,59
01112023-0944,Selters Tor,26,158,132
12112023-1925,Selters Tor,147,158,11
17112023-1240,Selters Tor,54,158,104
06112023-2045,Selters Tor,140,158,18
19112023-1440,Selters Tor,148,158,10
05112023-1945,Selters Tor,149,158,9
14112023-1239,Selters Tor,21,158,137
27102023-1041,Selters Tor,79,158,79
12112023-1540,Selters Tor,136,158,22
26102023-2021,Selters Tor,142,158,16
27102023-0910,Selters Tor,108,158,50
03112023-1835,Selters Tor,121,158,37
24102023-2030,Selters Tor,153,158,5
10112023-2045,Selters Tor,124,158,34
14112023-1035,Selters Tor,18,158,140
20112023-1530,Selters Tor,30,158,128
04112023-1425,Selters Tor,92,158,66
11112023-1545,Selters Tor,94,158,64
27102023-0926,Selters Tor,108,158,50
10112023-1550,Selters Tor,92,158,66
17112023-1149,Selters Tor,31,158,127
28102023-1751,Selters Tor,109,158,49
20112023-0910,Selters Tor,39,158,119
19112023-1235,Selters Tor,145,158,13
09112023-0945,Selters Tor,51,158,107
07112023-2045,Selters Tor,146,158,12
14112023-1135,Selters Tor,9,158,149
19112023-2010,Selters Tor,148,158,10
04112023-1225,Selters Tor,92,158,66
11112023-1220,Selters Tor,88,158,70
11112023-1215,Selters Tor,87,158,71
18112023-1425,Selters Tor,68,158,90
16112023-1830,Selters Tor,118,158,40
12112023-1355,Selters Tor,145,158,13
16112023-1459,Selters Tor,27,158,131
29102023-1610,Selters Tor,136,158,22
05112023-1645,Selters Tor,135,158,23
25102023-1810,Selters Tor,111,158,47
02112023-2100,Selters Tor,142,158,16
12112023-1610,Selters Tor,134,158,24
15112023-1404,Selters Tor,44,158,114
15112023-1929,Selters Tor,146,158,12
17112023-1820,Selters Tor,129,158,29
30102023-1549,Selters Tor,62,158,96
18112023-1640,Selters Tor,88,158,70
29102023-1010,Selters Tor,147,158,11
07112023-1924,Selters Tor,135,158,23
09112023-1420,Selters Tor,28,158,130
12112023-1429,Selters Tor,144,158,14
10112023-1700,Selters Tor,107,158,51
06112023-2035,Selters Tor,142,158,16
11112023-0919,Selters Tor,141,158,17
01112023-1644,Selters Tor,80,158,78
02112023-1400,Selters Tor,24,158,134
04112023-1830,Selters Tor,135,158,23
28102023-1549,Selters Tor,86,158,72
17112023-1435,Selters Tor,69,158,89
08112023-1216,Selters Tor,36,158,122
29102023-1856,Selters Tor,145,158,13
02112023-1530,Selters Tor,29,158,129
07112023-1950,Selters Tor,143,158,15
15112023-2000,Selters Tor,146,158,12
31102023-2014,Selters Tor,147,158,11
01112023-1420,Selters Tor,41,158,117
16112023-1835,Selters Tor,122,158,36
11112023-1419,Selters Tor,90,158,68
14112023-1349,Selters Tor,25,158,133
14112023-1850,Selters Tor,111,158,47
14112023-1825,Selters Tor,98,158,60
11112023-2030,Selters Tor,140,158,18
18112023-1615,Selters Tor,71,158,87
01112023-1929,Selters Tor,143,158,15
19112023-1426,Selters Tor,147,158,11
13112023-1655,Selters Tor,61,158,97
14112023-1026,Selters Tor,25,158,133
09112023-1010,Selters Tor,39,158,119
02112023-1541,Selters Tor,35,158,123
28102023-1030,Selters Tor,118,158,40
11112023-1135,Selters Tor,94,158,64
27102023-1559,Selters Tor,98,158,60
04112023-1845,Selters Tor,137,158,21
18112023-1135,Selters Tor,87,158,71
18112023-1145,Selters Tor,88,158,70
17112023-1030,Selters Tor,52,158,106
26102023-1911,Selters Tor,134,158,24
11112023-1655,Selters Tor,99,158,59
09112023-1244,Selters Tor,36,158,122
16112023-1235,Selters Tor,45,158,113
16112023-1539,Selters Tor,37,158,121
18112023-1750,Selters Tor,111,158,47
19112023-2004,Selters Tor,147,158,11
08112023-1935,Selters Tor,131,158,27
13112023-1205,Selters Tor,23,158,135
17112023-1921,Selters Tor,143,158,15
29102023-1740,Selters Tor,142,158,16
03112023-0935,Selters Tor,56,158,102
16112023-1944,Selters Tor,133,158,25
19112023-1841,Selters Tor,129,158,29
30102023-1524,Selters Tor,62,158,96
08112023-1329,Selters Tor,63,158,95
28102023-1521,Selters Tor,81,158,77
17112023-1250,Selters Tor,55,158,103
15112023-1429,Selters Tor,48,158,110
30102023-1449,Selters Tor,62,158,96
20112023-1030,Selters Tor,14,158,144
31102023-1350,Selters Tor,46,158,112
12112023-1219,Selters Tor,146,158,12
01112023-1120,Selters Tor,7,158,151
15112023-1900,Selters Tor,137,158,21
26102023-1310,Selters Tor,42,158,116
10112023-2030,Selters Tor,123,158,35
12112023-1851,Selters Tor,148,158,10
16112023-1335,Selters Tor,32,158,126
16112023-1421,Selters Tor,27,158,131
05112023-1629,Selters Tor,130,158,28
26102023-1739,Selters Tor,91,158,67
15112023-1025,Selters Tor,21,158,137
06112023-1521,Selters Tor,40,158,118
12112023-1734,Selters Tor,148,158,10
10112023-1720,Selters Tor,109,158,49
31102023-1235,Selters Tor,52,158,106
26102023-1051,Selters Tor,52,158,106
14112023-0926,Selters Tor,42,158,116
09112023-1935,Selters Tor,139,158,19
20112023-1845,Selters Tor,115,158,43
10112023-1650,Selters Tor,101,158,57
02112023-1349,Selters Tor,29,158,129
07112023-1245,Selters Tor,34,158,124
28102023-1720,Selters Tor,96,158,62
13112023-1536,Selters Tor,29,158,129
17112023-1840,Selters Tor,133,158,25
04112023-2021,Selters Tor,141,158,17
14112023-1211,Selters Tor,13,158,145
06112023-1959,Selters Tor,139,158,19
10112023-1030,Selters Tor,43,158,115
08112023-1630,Selters Tor,76,158,82
26102023-1921,Selters Tor,138,158,20
09112023-1100,Selters Tor,29,158,129
09112023-1531,Selters Tor,39,158,119
19112023-2030,Selters Tor,148,158,10
28102023-1150,Selters Tor,98,158,60
14112023-1910,Selters Tor,116,158,42
19112023-1536,Selters Tor,141,158,17
11112023-1745,Selters Tor,121,158,37
06112023-2025,Selters Tor,141,158,17
26102023-1440,Selters Tor,60,158,98
05112023-1521,Selters Tor,110,158,48
12112023-1025,Selters Tor,149,158,9
27102023-1911,Selters Tor,125,158,33
09112023-1130,Selters Tor,21,158,137
29102023-1934,Selters Tor,148,158,10
11112023-1810,Selters Tor,129,158,29
13112023-1229,Selters Tor,30,158,128
16112023-1534,Selters Tor,32,158,126
20112023-1651,Selters Tor,56,158,102
05112023-1755,Selters Tor,141,158,17
06112023-1210,Selters Tor,33,158,125
12112023-1020,Selters Tor,149,158,9
12112023-1920,Selters Tor,147,158,11
30102023-1655,Selters Tor,76,158,82
19112023-1625,Selters Tor,134,158,24
28102023-0930,Selters Tor,135,158,23
17112023-1140,Selters Tor,37,158,121
08112023-0929,Selters Tor,46,158,112
18112023-1221,Selters Tor,85,158,73
28102023-0916,Selters Tor,137,158,21
01112023-1024,Selters Tor,12,158,146
07112023-1405,Selters Tor,38,158,120
07112023-1210,Selters Tor,30,158,128
20112023-1150,Selters Tor,9,158,149
05112023-1150,Selters Tor,88,158,70
27102023-1120,Selters Tor,74,158,84
10112023-1445,Selters Tor,80,158,78
02112023-1211,Selters Tor,11,158,147
11112023-1440,Selters Tor,97,158,61
03112023-1220,Selters Tor,35,158,123
10112023-0959,Selters Tor,45,158,113
29102023-1925,Selters Tor,146,158,12
27102023-1324,Selters Tor,90,158,68
31102023-1440,Selters Tor,36,158,122
28102023-1445,Selters Tor,91,158,67
03112023-1820,Selters Tor,122,158,36
03112023-1029,Selters Tor,31,158,127
17112023-1659,Selters Tor,94,158,64
16112023-1445,Selters Tor,24,158,134
09112023-1816,Selters Tor,109,158,49
12112023-1230,Selters Tor,147,158,11
06112023-1820,Selters Tor,119,158,39
30102023-1155,Selters Tor,33,158,125
09112023-1140,Selters Tor,28,158,130
18112023-1646,Selters Tor,88,158,70
09112023-0939,Selters Tor,52,158,106
16112023-1305,Selters Tor,41,158,117
13112023-1615,Selters Tor,50,158,108
19112023-1245,Selters Tor,144,158,14
12112023-1801,Selters Tor,148,158,10
29102023-1136,Selters Tor,146,158,12
08112023-2024,Selters Tor,140,158,18
30102023-1825,Selters Tor,122,158,36
06112023-1450,Selters Tor,33,158,125
07112023-1316,Selters Tor,37,158,121
09112023-1735,Selters Tor,80,158,78
01112023-1521,Selters Tor,43,158,115
19112023-1156,Selters Tor,148,158,10
16112023-1045,Selters Tor,28,158,130
18112023-1310,Selters Tor,81,158,77
06112023-1724,Selters Tor,87,158,71
10112023-1534,Selters Tor,88,158,70
28102023-1116,Selters Tor,106,158,52
14112023-1935,Selters Tor,130,158,28
14112023-0956,Selters Tor,35,158,123
07112023-1215,Selters Tor,30,158,128
19112023-1750,Selters Tor,127,158,31
11112023-1030,Selters Tor,128,158,30
04112023-1245,Selters Tor,93,158,65
20112023-1135,Selters Tor,8,158,150
19112023-1019,Selters Tor,147,158,11
28102023-1600,Selters Tor,86,158,72
09112023-0949,Selters Tor,47,158,111
27102023-1310,Selters Tor,91,158,67
11112023-1225,Selters Tor,85,158,73
08112023-0935,Selters Tor,39,158,119
10112023-1450,Selters Tor,81,158,77
05112023-1830,Selters Tor,140,158,18
17112023-1951,Selters Tor,143,158,15
03112023-1540,Selters Tor,82,158,76
17112023-1606,Selters Tor,79,158,79
07112023-1100,Selters Tor,23,158,135
04112023-0930,Selters Tor,140,158,18
26102023-2025,Selters Tor,142,158,16
09112023-0930,Selters Tor,63,158,95
10112023-1040,Selters Tor,36,158,122
11112023-1840,Selters Tor,138,158,20
14112023-1545,Selters Tor,25,158,133
13112023-1041,Selters Tor,8,158,150
10112023-1555,Selters Tor,91,158,67
13112023-1926,Selters Tor,135,158,23
14112023-2041,Selters Tor,142,158,16
08112023-0940,Selters Tor,36,158,122
30102023-1544,Selters Tor,64,158,94
07112023-1845,Selters Tor,124,158,34
12112023-2031,Selters Tor,148,158,10
07112023-2030,Selters Tor,146,158,12
09112023-0905,Selters Tor,71,158,87
16112023-1809,Selters Tor,110,158,48
31102023-2045,Selters Tor,147,158,11
09112023-1900,Selters Tor,125,158,33
11112023-1800,Selters Tor,126,158,32
06112023-1215,Selters Tor,35,158,123
04112023-1020,Selters Tor,128,158,30
18112023-0925,Selters Tor,137,158,21
18112023-1009,Selters Tor,120,158,38
16112023-1225,Selters Tor,45,158,113
08112023-1801,Selters Tor,102,158,56
03112023-0925,Selters Tor,60,158,98
14112023-0921,Selters Tor,44,158,114
31102023-1136,Selters Tor,25,158,133
08112023-1736,Selters Tor,91,158,67
05112023-0906,Selters Tor,152,158,6
30102023-2040,Selters Tor,144,158,14
10112023-1129,Selters Tor,37,158,121
17112023-1145,Selters Tor,32,158,126
01112023-1450,Selters Tor,38,158,120
25102023-1945,Selters Tor,136,158,22
28102023-1224,Selters Tor,100,158,58
30102023-2051,Selters Tor,144,158,14
27102023-1134,Selters Tor,72,158,86
27102023-1015,Selters Tor,92,158,66
31102023-1639,Selters Tor,56,158,102
05112023-1250,Selters Tor,85,158,73
